Row,z_1,z_2
1,1.05353153041807,-0.177476630733209
2,-1.23154003130086,-0.896399287082955
3,-1.30072377775566,-1.0672013290754
4,-0.739172372878862,2.1038578231792
5,-1.38127455888697,-1.15001096421443
6,0.856248621451911,-0.599013366564617
7,1.08693885446429,-0.0653131819497991
8,1.18332060424024,0.0561498604192461
9,1.04175963807076,-0.359773631911204
10,-1.126575107922,-0.424783796581119
11,-1.1603576478105,-0.689882561667746
12,-0.953070724219519,0.122695231925225
13,0.574758717741817,-1.84399313231956
14,1.06056404616322,-0.267094336971354
15,0.965961954086851,-0.69504373131753
16,1.03973887325283,-0.467799501654807
17,1.07261086254681,-0.359122617388279
18,1.00789200487404,-0.287169160110579
19,-1.29238113519891,-1.05904048058481
20,0.768223999044192,-1.35252586529848
21,-0.720069805232616,2.27111421939862
22,1.07766803804422,-0.15026728951295
23,0.969344744941962,-0.649967258949938
24,1.06549073497259,-0.272735426029137
25,-1.0162652923911,-0.315885251702972
26,-0.846770302339123,0.701773498945563
27,0.758679285387351,-1.07902143254328
28,-1.14832982940165,-0.757735978471116
29,-1.18722742653202,-0.889318174263949
30,1.27990621029977,2.24000142089901
31,1.24300128094327,0.923413367310667
32,0.592183972967575,-1.85839111012934
33,0.881520605511743,-0.740946266359116
34,1.38953138060925,1.83180625880726
35,-1.15917112179052,-0.805222874035324
36,1.25927878061516,1.74667347507513
37,-1.02750627489814,-0.353450068457867
38,1.48733317095978,2.60255448072823
39,-0.982538304577113,0.550043716148364
40,-0.938340862447189,0.106600599362851
41,-1.12574836261361,-0.249786665755584
42,1.32410523309207,1.95494863821814
43,-0.880413656169728,0.276904509059489
44,-0.998101593360046,-0.279460102231005
45,-1.09464355377683,-0.500116714400443
46,-1.37558058856604,-1.30008767126899
47,1.17624243806396,0.0770854662039401
48,-1.17245396117053,-0.573012799775532
49,0.937616708240958,-0.772398099788204
50,0.855373687265986,-0.907954016944724
51,-0.331879885812431,4.00656033459637
52,0.849540752571375,-0.942253381795086
53,1.05691201191176,-0.345636627308239
54,-1.31294044950426,-1.21121663971307
55,1.44360702550015,2.41792983751492
56,1.127548775047,1.54809311446535
57,0.909375022096785,-0.433797196655149
58,-1.11231782302994,-0.590804545671728
59,0.981268058393393,-0.576565101171725
60,0.888729302202615,-0.815494505500798
61,1.01519567605965,-0.334095245442521
62,-1.01977580821845,-0.457825711597266
63,-0.709829121344131,2.29073689902815
64,0.927546459587166,-0.91122092557768
65,1.14180237769257,0.344887453539402
66,-0.635949265958738,2.56038751537824
67,-1.25169304427993,-1.12764889988681
68,1.33651270864938,2.56563756324625
69,-1.62834654572924,-2.2121513721754
70,0.758064273598882,-1.25817303515033
71,1.09575670725459,0.14504536904817
72,-1.37336755450746,-1.31511992862949
73,1.38524151565827,2.07658501109825
74,0.551720267904304,-1.9600523101997
75,-1.24476590473775,-1.09727502571341
76,-0.931064893455551,-0.000279545656705706
77,0.673722184444956,-1.56663278110534
78,1.18750607569659,0.529087889964762
79,1.16956084605061,0.411555861167614
80,-1.27401091928411,-0.932547992807846
81,-0.969520227681536,-0.187071759088741
82,-1.0058682619227,0.243608818617291
83,1.02398187811756,-0.47739203343853
84,1.28182833359284,1.54642619852713
85,1.28600237221456,0.462446913399292
86,-0.64782065876483,2.69620314227494
87,0.903747801174676,-0.547164970407757
88,-1.10072440113541,-0.0716310199999852
89,-1.3066400345726,-1.19848131610907
90,1.11594984224311,2.04298101897129
91,1.34413032285329,2.02092268186756
92,0.793240755770474,-1.14790708348217
93,1.02787617313671,-0.295480550067619
94,-0.602460729243836,3.07273485237259
95,1.49959672340734,2.6821333906425
96,-0.982670622940552,-0.271965177988452
97,1.20174144640486,0.356806136647948
98,0.826237154761559,-1.0313722208254
99,-0.521967178590821,2.93634035324613
100,1.47617304314046,2.74155779686719
101,1.27489227121984,2.21115809323245
102,-0.955716864343367,1.79458740579947
103,-1.07398055097456,-0.168509421052386
104,-0.795737939073992,1.77808388052156
105,1.21542466073363,1.36249440373697
106,-0.604141960261951,2.34196951851237
107,-1.45494635539409,-1.48462501861357
108,1.51550300643943,2.91819830674894
109,0.938229370747549,-0.63015671848904
110,0.664587332275844,-1.39135878251306
111,1.23552102058767,1.25502790537813
112,0.795807511212737,-1.18222676855362
113,0.910048030789523,-0.966271493640878
114,1.26589370482276,1.47646192086115
115,-1.03682649865465,-0.382290858443394
116,-1.01047914620078,-0.291606334183289
117,0.853672659909116,-1.03506693340335
118,0.894018389084111,-0.784186132112041
119,-0.863687768471036,0.390614162085416
120,1.04705619423316,-0.330967904819922
121,-0.974440239550553,-0.21255278519861
122,-1.02485683506036,-0.468360674039384
123,0.919275618613727,-0.804314088627834
124,-0.998097139693648,-0.149699112523117
125,0.804813606934393,-1.26348312148105
126,-0.679064124174061,2.61247273474111
127,-1.01907699630871,-0.126199663547245
128,-1.03289719902157,-0.409557910624656
129,-1.18375079062723,-0.868879815844889
130,0.940892737551233,-0.668243206272973
131,0.601235261242228,-1.67393506505531
132,1.00557463321493,-0.454728332989139
133,-0.956588714995413,0.168628803349233
134,-0.630218678726456,2.04124123463162
135,0.943064819487697,-0.738095507487194
136,1.33339735834287,1.78960643991099
137,-1.32905714172115,-1.2687344124535
138,-0.80266830694237,1.85222811618046
139,-0.967413799147226,0.0133339193935211
140,1.34468267482965,1.90823424429896
141,-0.945760671113928,0.0933864625814372
142,-0.792202315950937,0.661195691402372
143,-0.833492020222173,1.7881713748302
144,-1.13808519267524,-0.584123396219843
145,-1.22895397707468,-0.921462693872683
146,-1.33917718574048,-1.00511285051324
147,-1.10970090676709,-0.580533569297045
148,-0.926150060899434,0.21684307437895
149,1.38246047909024,2.21610415882026
150,-1.12873200659263,-0.796936389518656
151,1.4199053703381,2.30895418955252
152,-1.15974141248039,-0.742129385356758
153,0.777532274432855,-1.19367757511425
154,1.21224088740383,1.4809591843532
155,1.32247107541715,1.79275737474736
156,0.783501910981056,-1.27980021462217
157,-1.34720046073043,-1.17573200154456
158,-1.08296131389448,-0.439918605611012
159,1.1457949646853,0.224922289663056
160,0.881798234129177,-0.957654615007472
161,-1.41420446421556,-1.42175315172629
162,-1.28079132768989,-0.850635109687191
163,-0.86923306216068,0.123529474794541
164,0.860196034116258,-0.918144857337103
165,-1.18516440344152,-0.592592055492043
166,-0.990405361485902,-0.233158865450728
167,0.862732723736887,-0.863584111982487
168,-1.32447379632267,-1.2337626631192
169,0.76240822865532,-1.05449796119367
170,-1.03033974951054,-0.367095753776503
171,-1.04041031366555,-0.383610292081785
172,-0.851506061140906,0.441925575590797
173,-0.693213539711351,2.0833343179986
174,-0.890997404451807,0.130915986626065
175,-1.17871160295225,-0.751973704521194
176,1.31692672216601,1.76044118781407
177,-1.3916685552853,-1.4646612347038
178,1.0271808651986,-0.569316188019693
179,0.859086437950728,-1.03468754357411
180,0.988059405767735,-0.388122065878065
181,1.27774726258285,0.673745586062218
182,-0.876086578019851,0.634440563110047
183,0.624065164152724,-1.63123748992764
184,-1.20610582060706,-0.763549334343487
185,1.38907917345706,2.05664105166834
186,0.878273449446095,-1.05076676132427
187,1.04801684904576,-0.212736817297947
188,1.06239167792712,-0.212846284558765
189,-0.856733735602643,1.39125933053519
190,-1.14180569970505,-0.748183030065463
191,-0.61559055546756,2.17804491333101
192,0.94406859244545,-0.567871766584088
193,-0.798832736244848,1.47442062541977
194,-1.12349215799828,-0.652095212885608
195,-0.763026705694884,2.2145041798622
196,0.545065790475165,-1.98410902687979
197,-1.3567003789812,-1.45310772809538
198,-0.705373127744938,2.1052899814197
199,-0.907380410082278,0.150705606111958
200,-0.666116694578258,2.44769727619058
201,1.21349541711921,1.2829653176678
202,-1.11917400198102,-0.678171772932556
203,-1.07289394109283,-0.519891368277292
204,-0.664658008270288,2.07813435017885
205,-1.15174246517034,-0.749797475507979
206,-1.32217438377019,-0.981929697206812
207,-0.901210375892538,0.271731664572413
208,0.949416754289667,-0.377813791334154
209,-0.565611531332486,2.6675490893574
210,-0.623759523628718,2.34563505690415
211,1.25938003176423,1.48185492698938
212,-1.2642308492278,-1.06609703430291
213,1.23786432363588,1.2690405734485
214,-1.17999910381307,-0.73461293637569
215,-0.856908230876266,1.37985773789672
216,1.01334967918772,-0.314033475794664
217,0.765680138837384,-1.24948303558762
218,1.07343171000198,-0.352413736010672
219,1.08397286141751,-0.112642794042889
220,-1.07655893260041,-0.391640175895301
221,-1.01350462934939,-0.299773042236233
222,0.980466758437859,-0.430234950206281
223,1.00308615493083,-0.353152181349655
224,1.00047412801297,-0.349632109313449
225,-1.39180382829421,-1.41831297531872
226,-1.03431963482084,-0.12053192739743
227,0.825004559353449,-1.0416350866304
228,0.940380429839803,-0.781261976950408
229,0.96892146762862,-0.444334754733928
230,-1.51123694148347,-1.72402662102206
231,-0.878578139885243,0.865188545287521
232,-1.07246179658454,-0.194809454774156
233,-0.911038316465992,0.283495064552288
234,1.10048464353453,-0.160046164874659
235,1.17523667404165,1.62159390542795
236,1.38574413342284,2.05256959106182
237,1.28480798465455,0.489533674659151
238,-1.13986963193429,-0.73586712092553
239,0.915603257940198,-0.947312485587042
240,1.02876617675479,-0.330239577235766
241,-0.968630393409388,0.177696140224029
242,-0.767005736267062,1.00508565083775
243,0.877718528533499,-0.862780480054749
244,1.36694244015469,2.07905192314637
245,-0.978220498747809,-0.0919010348128572
246,1.16027564638418,0.70555890025293
247,-0.848790675907873,1.71498468255806
248,-1.05733370670633,-0.48096917408016
249,0.93334066313642,-0.883026234234653
250,0.403362015061532,-2.45844529164181
251,0.93265991790118,-0.608012103900642
252,0.954021159603758,-0.40346213921827
253,-0.872297728343228,0.301883272161982
254,-0.913204630774519,1.10792104275129
255,-1.16913188421151,-0.752989916414477
256,-0.952145220780928,-0.0338336294640484
257,-0.991472197085251,0.276710683737994
258,0.962854815247683,-0.553794005731419
259,-0.499717785888666,3.5259892191612
260,0.730600041611126,-1.40610702119478
261,-1.36122018830138,-1.24152400340608
262,0.774025978963845,-1.1048410767516
263,-1.16583388873233,-0.862431932845783
264,-1.26178295718696,-0.74008451844786
265,-0.886434858648385,0.268176004814214
266,0.962884958467636,-0.439501117262868
267,0.852567954241748,-1.11271690830099
268,-0.854590450707976,0.556162313240059
269,-1.0414007987385,-0.134018996102646
270,1.24810870911839,0.325478368607852
271,1.24775351375977,0.912608243651548
272,0.792523791624509,-1.29187787499561
273,-0.854104048922155,0.744325607053616
274,-1.01168274459582,0.149567638778025
275,-0.728898932342876,2.26628440052114
276,-0.935074078020546,0.506899741921013
277,-0.970409612419358,-0.00171538174917476
278,-1.22331483928075,-0.841167909625406
279,-0.869254107174263,0.433545104660061
280,-0.89192978233895,0.128551824904758
281,1.06385854591889,-0.304737424960177
282,1.07545473921079,-0.0941538668931225
283,-0.880833568175152,0.465894038783374
284,-0.881589211828513,0.353907364206063
285,1.01375226180833,-0.462725653963906
286,-1.19704213238496,-0.964900772234739
287,-0.552919938817463,2.89285366885835
288,-0.73801064549021,0.997899429131086
289,0.950879352996352,-0.582885286830556
290,0.839982150326777,-0.744954689481952
291,1.11727573705825,-0.0927548916570207
292,-1.65119508296328,-2.34524930467099
293,1.28575700997896,0.514460796561765
294,-0.916912416656733,0.263110844778122
295,-0.621816635242741,2.46371375783712
296,-0.591552588387331,2.4869741441093
297,-0.891322284516547,0.0190880754907244
298,-1.02623664134487,-0.461838159384553
299,0.672324695256705,-1.41431917908417
300,0.997921048751424,-0.28271444659264
301,-1.12957347574414,-0.801808894777115
302,-1.05690689213146,-0.397718972656915
303,1.05026039306446,-0.219473601709633
304,-0.64747756706014,2.15484102097112
305,-1.20988219141076,-0.863739130408131
306,0.999493504076937,-0.495646781194253
307,-0.975013460497492,-0.161709756725963
308,-0.850901721461353,0.493378415337866
309,-0.995606308033023,-0.215990406322514
310,0.770928353703101,-1.16873618067866
311,-0.578467904220778,2.57021730848452
312,0.676568401503092,-1.48797738773381
313,-0.909284664948186,0.180058611355084
314,-1.32079533123754,-1.20481998871776
315,1.27616974623838,1.74671648441818
316,1.01465175876862,-0.369790008640908
317,-1.12672603554072,-0.702853423325902
318,-0.62190822385602,2.22214352870109
319,1.00564436051869,-0.547878276310306
320,-1.13188490619974,-0.323862776190661
321,-1.0650646036695,-0.441108599358039
322,-0.972331727748699,-0.225324887587277
323,0.740415377648142,-0.904947562818082
324,0.617152387286962,-1.52229763861671
325,-0.950126387980834,-0.0535652260455296
326,1.14317019483873,0.23483276145762
327,0.959571142844123,-0.722604893982584
328,1.3842420849685,1.99894421773853
329,1.43333034869315,2.42023897012089
330,1.07302776293544,-0.236550460118729
331,-1.22133589912502,-0.986001196748663
332,-0.91369841492313,0.213745695055101
333,1.19073216653349,0.142074655157408
334,-1.04696374188701,-0.00605720116428555
335,0.915335334479865,-0.5737790138014
336,-1.14623891772616,-0.427354066534488
337,-0.586864380173196,2.38065280387361
338,-1.15144553548765,-0.649452905679669
339,0.883885756580733,-1.03693317711703
340,1.39072643100287,2.70268198307616
341,-1.18823394982013,-0.82660526948391
342,0.97905952362701,-0.640937381634627
343,-0.839650362235322,0.739068156797899
344,1.05361136356783,0.176943365452858
345,1.02394371253821,-0.569036854366361
346,0.851366042904383,-1.09847777459181
347,-0.526125870747927,2.91087882667788
348,-0.874609187671307,0.549173081847283
349,0.960501638610951,-0.70856485683983
350,1.16043362288756,1.24457869259571
351,0.971415597927294,-0.655326237600789
352,-0.753054013025487,1.86941862887361
353,0.975676773538057,-0.443944945358955
354,-0.89879793829935,0.0761353640916952
355,-1.04025082485489,-0.470123023264804
356,0.774051739645667,-1.19374196068358
357,0.78933341785079,-1.23028562850656
358,-0.607929970675264,2.19838225198665
359,-0.74608284930412,2.17424440732746
360,-0.902787773708795,0.350532252191394
361,0.941157807399772,-0.427511635785603
362,1.06665965653678,-0.168928401262152
363,1.13865592753875,0.535021474421361
364,-1.15680573408936,-0.699820258169274
365,1.09772076946077,-0.0129590262512514
366,1.06643758005608,-0.29513597358541
367,0.971040153068553,-0.603631228723756
368,-0.780058793059558,1.79296631670072
369,-1.02651035667572,-0.463441637610203
370,0.989484581282094,-0.236335548213863
371,1.30467277868685,1.6694276641798
372,-1.06265701613944,-0.245502143182756
373,-0.640627347829843,2.27497495401649
374,0.870441386008186,-0.820666960986264
375,-1.24973408758224,-0.857088535132226
376,-1.18780365352273,-0.745793369291093
377,1.09790522386985,-0.198903273088916
378,-1.35187546034672,-0.882138973274743
379,-1.11570753782774,-0.160257590052168
380,0.86351599567545,-0.935746592238017
381,0.816295489711639,-0.706072422798053
382,0.990543127436148,-0.423278184744085
383,-0.859141093890509,1.6713859661543
384,1.29962162929417,1.69023494275109
385,-1.26271025808881,-1.02682986538588
386,-1.35299586792599,-1.38058066117247
387,1.21966035857699,0.318580563565385
388,0.468203281268138,-2.1072663990929
389,0.718665910280112,-1.31216703009202
390,0.958460212549396,-0.509191303199929
391,-1.13650573657163,-0.638173926747284
392,1.14411173800688,0.479033133540056
393,0.621603542072412,-1.33758910763612
394,0.853311519945355,-0.899035065510685
395,-1.1957210804429,-0.918189204375841
396,0.926832707549688,-0.915398412963745
397,-0.917911729353996,0.102941873295678
398,1.03931158361404,-0.450580758634362
399,-1.46376799975867,-1.53788135562291
400,1.15949799902187,0.747840994399746
401,-0.668485741607647,2.13589830414136
402,-1.12411503871546,-0.542280496951002
403,-1.05847891400024,-0.407859483587329
404,-1.4477907024101,-1.39201275982268
405,-1.01722816051314,-0.0672042725673604
406,-0.993538595182924,-0.273717632903332
407,-0.691011243758961,1.8433959842424
408,-1.05223286156869,-0.192984295013319
409,-0.970720145301336,-0.101955663272122
410,-0.869946722513179,0.700296809967919
411,0.856697241961938,-1.03037554616062
412,0.579611380504626,-1.89800900099801
413,-0.803298601705208,1.62457510107201
414,-0.95527277763631,0.00391432160577921
415,-0.892133145870464,0.187985907510495
416,-1.06824890250721,-0.480272455737994
417,0.688865631364425,-1.58298201737014
418,-1.41282297563003,-1.44412848333552
419,-0.854001627488322,0.970630791613475
420,-1.24553960009252,-0.524926623774931
421,-0.684979854414086,1.88642905547105
422,1.06408887848071,-0.263602496621688
423,1.04614597004014,-0.4691617221276
424,-0.992740467460204,-0.112919218684441
425,1.22642187093504,0.373571476161414
426,0.570949322250803,-1.72148749079879
427,1.33480285637025,1.87600952098364
428,1.13544919897621,0.0827878900125916
429,-0.766607261320634,1.82111594888274
430,1.16594956400073,2.01005793012591
431,-0.621382671661119,2.07812808050477
432,1.08762775213862,-0.257035899033978
433,0.907124537385771,-0.97314163240229
434,1.25556032602464,1.40775981334614
435,-0.977891247552561,-0.17997503626931
436,-0.659335297688552,2.00559323043506
437,-0.849288406115019,1.95001091031493
438,-1.08187097256438,-0.477600669383412
439,0.979952217598686,-0.589413787106651
440,0.985268427517591,-0.60172166085522
441,-0.820978658327414,2.43182100974921
442,-0.841340611464772,1.57123048398362
443,-0.724136777898965,2.03604046805336
444,1.04881615802112,-0.25140015917877
445,1.1855116784595,0.250028853386594
446,1.59399310127656,3.26691657347143
447,-0.870056983362399,1.46591438758319
448,-0.894191427882649,0.417844856171877
449,0.925673164968687,-0.908562948725026
450,1.07039938530575,-0.141740700878769
451,-1.00192860006744,-0.302425926451126
452,-0.892855520457787,0.219238087850548
453,-0.970463597335787,-0.0555579496917435
454,1.06946386098172,-0.268861296587408
455,1.00916516417213,-0.549616735505234
456,-1.32979015247477,-1.27309760581702
457,0.776645730360311,-0.9679282657339
458,0.72514857726507,-0.942704224326346
459,1.18741147112791,0.214092325690024
460,1.18038581839044,0.0123987414424356
461,1.04282447163543,0.294876852219117
462,-1.09986225315312,-0.377643403778199
463,0.674337123027732,-1.63144058653467
464,-0.61333967082691,2.52314173461643
465,1.3045329745099,1.71990538840191
466,1.08837388402,-0.054588842373969
467,0.532356120834558,-1.9891005490265
468,1.20246302193473,0.47450625544446
469,0.853648030891437,-0.883935130069123
470,0.940766346715208,-0.711249431746597
471,0.853489382038921,-0.904148433512109
472,-1.05725559874017,-0.549873907925635
473,-0.858705213902403,0.963661525299593
474,0.740649633394155,-1.28061714118499
475,-0.853234097271266,0.887586917881505
476,0.719509241001547,-1.45168092702019
477,-1.19893889191913,-0.920217878506534
478,-1.09339765499153,-0.54604163183939
479,-0.994560387157327,-0.279185304268408
480,1.34752523933578,1.93055681224118
481,-1.18186076099394,-0.371050725569737
482,-0.601214016781415,2.02897948206401
483,-1.34173886109717,-1.40062526831345
484,-0.969122027054999,-0.20465050471302
485,0.97019119552796,-0.563564798771644
486,1.18139075161543,0.658857503332973
487,-1.07241566390217,-0.517040124451928
488,-1.32231958056098,-1.04189667066203
489,-1.11960020770532,-0.184384447940799
490,-1.41863998203068,-1.35462805405855
491,-0.942086930607525,-0.118183304644255
492,1.26735518208211,1.45331944694243
493,1.05593714737273,1.56372319087518
494,-1.02569872546909,0.0189432388163041
495,1.03192211676942,-0.25498401325453
496,-0.955808166770027,0.160364266185965
497,1.04818338041194,-0.322833778045833
498,1.0352848379182,-0.477121423708225
499,-0.801937255731672,1.59899965107196
500,-0.768196363551007,0.654619898479042
501,1.28844166929703,1.74171286739769
502,-0.856142934157989,0.689445117073588
503,-1.38951805157167,-1.4217538093573
504,-1.19963764566635,-0.800213555568621
505,0.945202815655533,-0.732750735574828
506,1.4206610264037,2.28685423593672
507,0.840724920074833,-1.0107062279012
508,-1.39292634029977,-1.1501019596344
509,0.758277926244004,-1.25689066004267
510,1.1696679463409,0.0462561213557114
511,0.90714259132454,-0.978964488337644
512,-1.3836443210414,-1.14112158416606
513,1.34425904851526,2.2324142056168
514,0.991938191632663,-0.546066485027334
515,-1.11674100935623,-0.550406780666044
516,-1.00606790802167,0.291279650724493
517,1.17703838335487,0.284298853474494
518,-0.701651383076993,1.95055699871223
519,-0.603741487967949,2.43223089670329
520,1.46350105536176,2.64400338777899
521,-0.968778051367031,-0.141416140443112
522,-0.817609142136932,1.60271553117302
523,-1.45554477736775,-1.55404144910353
524,0.790251328543087,-1.25493237393909
525,-1.35961440759102,-1.40588057970504
526,1.10538768749501,0.0481139325013588
527,1.22240364592405,0.566801571676821
528,-1.34280983356533,-1.28583370146897
529,1.04676242792073,-0.262498919976666
530,0.834465831590048,-0.938853820760756
531,1.38095702010085,2.03545710007888
532,-0.95812672563795,0.40915014949719
533,-1.17167627864173,-0.475368611512897
534,-0.56891856632004,2.67003915260892
535,1.0148502831633,-0.363448691088404
536,0.896032648000841,-0.889438136262961
537,1.14078903232899,0.469482334856472
538,-0.633069400704064,2.55336125720241
539,-0.87730960537227,0.221297952572289
540,-1.07338478198865,-0.357729971819568
541,-1.28965359462275,-1.0344072903764
542,-1.35223968571856,-1.38223565702441
543,-0.775108871805792,1.7844323906402
544,-1.02189978077788,-0.454781536803458
545,-1.0847695191231,-0.494851152532297
546,-1.04893210911738,-0.507362211362293
547,1.29933695979228,1.7409168781372
548,1.02735428287872,-0.259890145811854
549,-0.721183246814872,1.79307768808246
550,-1.11534612952297,-0.461152291131759
551,1.23517247884581,1.48556710832712
552,0.91293001594583,-0.949295625291687
553,-1.29421558915352,-1.00524877978999
554,0.82706554163907,-1.04704522921537
555,-1.1894368863616,-0.84119821542933
556,0.797911167451817,-0.896812826542355
557,1.15960203108168,0.0791860640169192
558,-0.675884071021712,1.88063226592164
559,0.754138643869048,-0.878309306072944
560,0.75027084023152,-1.35941281156076
561,0.821434361438053,-0.699062702339752
562,-1.01733937631564,-0.0374610141657319
563,-1.04776658497249,-0.52139107614696
564,1.63194882721849,3.48526175531581
565,0.653597748469166,-1.3388771103273
566,1.08646198140406,-0.182487183172444
567,-0.755018375196397,1.95480657184551
568,0.803335763983335,-1.27214585442023
569,1.08454263909709,-0.20161881055915
570,1.02120800410226,-0.424988993390555
571,-1.0460729530471,-0.259085570981779
572,-1.24344144916142,-0.976686068763816
573,-0.817365311332654,1.79771381213557
574,0.843745155033098,-0.979080691360605
575,1.06457271429404,-0.14561823994955
576,-1.35649559183842,-1.4519144340968
577,1.16224942540706,0.538856001024256
578,-1.03508189044455,-0.405657687225372
579,-1.02803827931329,-0.291416725064807
580,-0.85324045145654,1.66936095895874
581,1.44349185874714,2.62576988202848
582,0.86766517652059,-1.01967976842321
583,0.906856216489648,-0.974717915703027
584,-0.724295481392907,2.46015997209763
585,0.76444562351267,-1.23664966938654
586,0.534909483512881,-1.88340249887274
587,0.721324425539662,-1.40703888176016
588,-0.551285070596766,2.7586711980812
589,0.75554855997208,-1.32592010167553
590,0.820525842815131,-1.10761507983328
591,1.38794354131833,1.82193797261305
592,-1.17608557851824,-0.814464399328711
593,-0.744692023430941,1.81101162911878
594,0.776974912180569,-1.21432318431641
595,0.953964447910112,-0.373040783461788
596,-0.745211809177793,1.02564876285214
597,-0.630133913356466,2.30523179342659
598,-1.24576352201627,-0.926536021017462
599,0.79035641359993,-1.05146692591544
600,-0.881107812739281,0.248555804020345
601,0.820854542295752,-0.958263497485466
602,0.647313785090602,-1.50801305009107
603,-1.04024746704883,-0.296267512088222
604,0.935980586121175,-0.809114884397102
605,-1.06145340274618,-0.352371017808777
606,1.39756908803102,2.16517460289267
607,0.860843989323972,-0.552330124204998
608,-0.723494999890528,2.2694842929065
609,1.25185624474413,0.994851436237553
610,-0.580431348217925,2.53063479847941
611,1.21552038605258,1.29533658017414
612,1.42205677613148,2.76583631545105
613,0.957208137419937,-0.673819209076156
614,-1.05341976009204,-0.033997721124775
615,-0.887832809913429,1.75396946467458
616,-1.07641555866092,-0.284294123405792
617,0.973477369312573,-0.640447610206609
618,0.962522147470807,-0.61007415956015
619,1.11219653961936,0.0605719020737634
620,-0.892598556598676,0.302435768874913
621,0.846711981084554,-1.05858247862625
622,-1.12120866131742,-0.684740668131045
623,-0.712251767712265,1.92998838229922
624,1.13383924308123,0.0117109447943744
625,-0.698449919571174,1.99438251262238
626,0.919169627765389,-0.906548825972037
627,0.651745673055896,-1.53679766561228
628,0.794544241132245,-0.781075606153814
629,1.03973953661508,-0.0451450084534115
630,0.972539646847413,-0.612465409289822
631,0.676344795969485,-1.66188245078723
632,-0.965532327459032,-0.117531721195283
633,0.666578588566643,-1.67759729945347
634,-1.27613335283025,-0.946763733393564
635,0.948185421862068,-0.385848395859709
636,-0.597436202775546,2.63972511023424
637,-1.16988686852085,-0.501524701151865
638,-1.09101951537027,-0.328602727127492
639,0.955532574489111,-0.680125347900288
640,-0.97259347298058,-0.22001868301065
641,0.887637623230683,-0.871376443948974
642,-1.25596870663385,-1.13815040532185
643,1.06384090407505,-0.309751869256165
644,-1.25487967942587,-0.863398410369853
645,0.940273587787846,-0.724882461884457
646,-1.21689684222206,-0.95981937008726
647,0.899967690284443,-0.62189086178482
648,0.974255506295511,-0.649707856531297
649,-0.975679249403313,-0.136276459405219
650,0.940871361669783,-0.332440842183853
651,1.141537453415,0.03169716889128
652,-0.584075380615738,2.39843211397066
653,0.757162494691041,-1.31833399289764
654,-1.28394041644185,-0.990897681648955
655,1.20256138216094,0.336724466414683
656,1.36783520239411,1.9803595926503
657,-1.19584751922709,-0.818055983723658
658,-0.897530774987882,0.178596909385251
659,-1.21496332767427,-0.820904757164779
660,0.871923645928996,-0.904554615868063
661,0.908793991533304,-0.629831353257757
662,0.901434848692181,-0.874175898348888
663,-1.48005238576542,-1.54989163992418
664,0.930189305764095,-0.893699119233136
665,0.763922505145829,-1.1979198983066
666,-1.19595984715045,-0.901398846880532
667,0.930991451651928,-0.888952719026567
668,1.1893018886619,0.0768190351759966
669,-1.15636561136001,-0.270077749015833
670,-1.20924216680168,-0.639245037802659
671,-1.34786876003068,-1.4156204683283
672,-1.19391745860179,-0.963482286755632
673,0.79547517594712,-1.16328104676388
674,0.731250098736423,-1.40220603158564
675,-1.05872944091282,-0.519889487651693
676,1.28195226636257,1.0400732441932
677,0.802629545963978,-0.905450480207618
678,0.837763639331877,-0.920125459070686
679,-0.612653268731908,2.5435582354373
680,0.923369127264138,-0.652111410494283
681,0.876903848808554,-0.780836499647208
682,0.683170942609419,-1.64308966421958
683,0.915709782937613,-0.786343158271279
684,1.14000115354028,-0.00373961135353061
685,-0.993604606814421,0.0191330829458453
686,0.865007655973979,-1.03555429852715
687,0.591557974141355,-1.78821476764848
688,-0.647815136391737,2.10981118313827
689,0.847834695838588,-1.02079987573621
690,-0.948222552435306,-0.0345422486904161
691,0.675170881182463,-1.62904455219386
692,-0.93583755889422,-0.104725327303858
693,-1.11227401122782,-0.557216882295406
694,0.551209166998027,-1.81747991879923
695,-0.923016933606761,0.189402558019733
696,-1.06783505478559,-0.344666589331149
697,0.788885682558474,-1.29761358705339
698,0.876925791796678,-0.95649729754412
699,-0.913202924834022,0.142052565284248
700,-0.965004159984323,0.412200588223781
701,-0.890150151809158,0.0247693770384279
702,-1.10212221386302,-0.612773193494518
703,-1.08868034666039,-0.350935038021123
704,0.890986212264513,-0.92225672315258
705,-0.872666499492846,0.383121802721753
706,-1.19440782831624,-0.650066773738791
707,0.524360677176763,-1.94711901017391
708,-1.10508396672399,-0.539661381416526
709,-0.799907679106101,1.61129407172897
710,1.07659938123103,-0.146936521543251
711,-0.607251423591548,2.37964616898157
712,-1.09552775916358,-0.721112673126547
713,-1.10476174336073,-0.193191918599646
714,-1.26421385199497,-0.997278888002105
715,1.32598688447439,1.93959597939567
716,1.04575314739704,-0.235560612118862
717,-0.940734138151093,-0.0162007704556932
718,-0.867005772642747,0.824390318642778
719,0.810387824170416,-0.901873129678168
720,-1.34124480403528,-1.35320752863762
721,-1.01382604037889,-0.241698041913475
722,-0.516763622515353,3.04944628959012
723,0.949858367909949,-0.559068534973464
724,-0.914033014248652,0.213014546287422
725,-1.19887024300322,-0.81244845701531
726,0.846539454113286,-0.998219810451254
727,-0.981641903614785,-0.262808559510791
728,-1.16871668136534,-0.824933675500173
729,0.858318819296793,-1.07552470975547
730,0.525672512210991,-1.85017020009176
731,0.806690628282958,-1.16621738291125
732,-0.9564936641037,0.382345626152829
733,1.53746747285849,2.94174564577807
734,1.11403344662791,1.99117413341438
735,0.88101453815598,-0.848197440202662
736,1.07311268117921,-0.15845943263411
737,-1.31423854379797,-1.09386298459678
738,-1.23767498823921,-0.871060207900019
739,1.31768735606833,1.66046105102317
740,-0.879409787026438,0.563140800248435
741,1.17093903203745,0.161058244850901
742,1.34609044520477,2.15404620692755
743,-1.01830421827274,-0.447646836293727
744,1.32206360615304,1.66817854129725
745,-1.13318102923189,-0.745756764331618
746,-1.03277956796186,-0.227506147629047
747,-1.03506232534256,-0.141038504043799
748,-1.19051963283921,-0.693751277271912
749,0.993105144997739,-0.637853697641989
750,0.883589610581847,-0.912097506008131
751,-1.13804084637861,-0.298339551898878
752,-1.06261498502574,-0.177837106454422
753,-1.02058577066842,-0.0550195100225649
754,-1.03562636219817,-0.17000414840032
755,1.10811596296081,-0.0337544952988682
756,-1.03240680764337,-0.368578984951355
757,1.2486004523892,0.451866400881034
758,0.920981182511143,-0.936429315218967
759,-0.929562174099684,0.698261496681751
760,-0.574348940806279,2.62013742270207
761,0.719145476915078,-1.39089185996139
762,-0.584775171725134,2.69372053901475
763,1.28516967978334,0.517072852299941
764,1.18215232444718,1.51116980808446
765,-1.17123514827244,-0.59147407596542
766,1.24433974289772,1.53566405813893
767,0.913804308730596,-0.548617941593531
768,0.925534369568563,-0.736435176980984
769,1.22459480943007,0.232066715682128
770,1.06350367720268,0.313851652718539
771,0.93897537659511,-0.339754891124333
772,-0.999517395913208,-0.287941427303392
773,1.1648466890838,1.04455186107154
774,0.704053090557551,-1.2756019714792
775,0.746575816925807,-1.34173444204759
776,0.746119320069184,-1.29911081323044
777,-0.765333402674699,0.839552334104867
778,-1.23755499481767,-0.716469911129518
779,-1.20398170559011,-0.915134370238486
780,1.09568448940242,0.259251678393739
781,1.19292580665742,1.4037114597199
782,0.865746547147511,-0.978085130862011
783,0.966478676844985,-0.432749861140454
784,1.09845419933721,0.00306785113643038
785,-1.06639016657209,-0.135335586428115
786,1.26397212214748,1.60597772281862
787,-0.86060332867592,0.358553555455994
788,0.95694858261084,-0.738070162719874
789,-0.994554536402739,-0.280020001023304
790,-1.13356436286874,-0.692132033844636
791,1.24268954973608,1.381541524348
792,1.40780207581361,2.40994107346069
793,1.20420730427065,1.80902989140647
794,0.970544850939077,-0.597953185238021
795,-0.966858074520743,-0.0525323937745815
796,0.487768857765879,-2.31838231843366
797,-1.07114065973059,-0.499228259894049
798,0.891782084589489,-0.915074608287128
799,-1.22001014994489,-0.891787361338624
800,-0.772955825473658,2.15222036667667
801,-0.671045491865084,2.26084260037398
802,-0.868305961150671,0.13058777327677
803,-0.603181051314713,2.02087713334213
804,1.00267769581152,-0.454642084306218
805,1.08894932277962,0.0326691090483073
806,-1.00703316793272,-0.21642287912851
807,0.48458909250667,-2.33501989570955
808,1.45983402397299,2.54532225145773
809,1.39715913296462,2.39304674737219
810,-1.10306772674673,-0.61999256686591
811,-0.886340845521845,0.34584725622742
812,-0.661606966723362,2.19825431522048
813,1.15757083513679,0.163159046556292
814,-1.20197710119292,-0.852012565672292
815,0.860522114344698,-1.02297831459373
816,1.37765802070552,2.01268915389435
817,-1.31077948486148,-1.04556305325969
818,0.866514427132773,-0.992071056473715
819,-1.37259905101508,-1.33933638545691
820,1.26619275098163,1.4307673878305
821,-0.881703775168307,0.371992726905056
822,-0.9803374865784,-0.0489882835016054
823,-1.05608605738671,-0.111977347858767
824,-1.16619978114407,-0.864569943088108
825,0.877201027425303,-0.931920966980838
826,0.951347730752862,-0.73059354036132
827,1.05862285515054,-0.349383784660801
828,-0.883662823226598,0.279706668297137
829,-0.778156278919832,1.90088608272576
830,0.843504065326186,-0.991149189986655
831,1.08450523096676,-0.116289437545716
832,-0.956869307360088,0.0281695682377271
833,0.847037516274669,-1.0450207147242
834,-0.794800033344153,0.752241710120274
835,1.22670425265559,1.14186214151261
836,1.19633247820844,0.201957470736155
837,-1.11606384877071,-0.674382470251081
838,-1.03408107238159,-0.233728005691965
839,0.921278047840303,-0.782432254224127
840,-1.21534184329889,-0.475781906247644
841,-0.571604373503771,2.83557261950324
842,-1.00510816769726,-0.27918299172316
843,0.881358312066864,-0.925493142975968
844,-1.18878897660882,-0.790435390164701
845,0.994266050467969,-0.416061490293096
846,-1.24250398434814,-0.942661526601776
847,-1.25942012173236,-0.902033438150283
848,0.771554873749916,-1.21657896710022
849,-0.677605252195879,2.13306174789582
850,-0.902767343073532,0.19698069261264
851,0.928940442575139,-0.76000122413183
852,-1.58339985221276,-1.95757205683545
853,1.04055792627643,-0.451697398942808
854,-1.04264637721907,-0.108509100134007
855,-0.891725783809879,0.261198645859886
856,-0.993567810265553,-0.192131171094637
857,-1.14984905008799,-0.65960135010624
858,-1.01161325668694,-0.257623759338234
859,-1.15340859861762,-0.570094825628619
860,-0.873470646754221,0.379887197541998
861,-1.07203095940417,-0.460742686881914
862,1.15230004568665,2.13168503225715
863,-1.12572013461933,-0.608785935753242
864,-1.44734535219021,-1.53823225631525
865,-0.896191052272597,0.2247449463855
866,0.461481265124267,-2.1383736680521
867,-1.18277662636846,-0.720267758960657
868,0.94292711439965,-0.610423930926739
869,0.857889812192843,-1.09933417148622
870,-1.00420374850021,-0.226033185186461
871,1.00503912977797,-0.317401533493265
872,-0.966049209311509,0.0198780986271361
873,-1.28887988176059,-1.00512813620168
874,1.41657982355343,2.44717433301975
875,0.993149494854707,-0.637595515607074
876,0.932562107673819,-0.887623050897141
877,0.826777463922908,-1.03283760507728
878,-0.579179671828365,2.59425175164711
879,-0.513022055087385,2.9888580127026
880,-1.04807528128121,-0.3317140225733
881,1.02107854663208,1.49721590127885
882,0.680431236452035,-1.54961173160578
883,-1.00408262980438,-0.162145194226614
884,1.23967130783212,1.28885678903171
885,0.97304190149723,-0.626333159044912
886,-1.22525533678623,-0.899508426705004
887,1.15417983006863,0.118642589811859
888,0.905724857566072,-0.848647793426386
889,1.04751359232174,-0.460188135012512
890,-0.899274194031523,0.297197125853853
891,-1.08327165386991,-0.391012812939752
892,-1.02491819358609,-0.323088683406653
893,0.953267433162485,-0.649708852830271
894,1.28773116444983,1.54018859300457
895,1.08029424999776,-0.167524967334392
896,1.17551246543943,0.105182081944636
897,0.641823565423769,-1.62150888133524
898,1.02696607809149,-0.394346134102848
899,0.561945119362218,-1.78165134641952
900,0.897915273919946,-0.761698466279041
901,-0.990367226683429,0.0787426938475632
902,1.01929098918756,-0.305706599521044
903,0.955446251314691,-0.56842464795228
904,-0.779525909149079,0.612894356575202
905,1.24860851642856,0.409232378135353
906,-0.869039481350756,0.458681643078297
907,-1.05617097135187,-0.543520788321291
908,-1.19584254819648,-0.792094955717335
909,1.01456478406719,-0.369712623023751
910,1.27080403531421,1.58420771741845
911,-0.849586471229088,1.15004642084157
912,0.919873146191614,-0.814444413847328
913,-0.911846419398525,1.09350549742151
914,0.782495905389005,-1.21006577016442
915,0.712325325554848,-1.48151656632835
916,-1.09534790059708,-0.720075582295051
917,-0.892366296264142,0.19857426735698
918,0.909442876564429,-0.965471122635708
919,0.940497463294166,-0.75535968179289
920,1.29559925272785,1.59709462728225
921,0.851261413544145,-0.949085028637056
922,0.961285242835306,-0.647777047946417
923,-0.634205806350415,2.90287833226804
924,-1.27139378653183,-0.997030939537924
925,-0.673652465126381,2.02955547963755
926,-1.12129665535673,-0.518158705380881
927,-0.847520437366166,0.450001985376171
928,-1.11074553370454,-0.636882359726271
929,-1.21668703216537,-0.66648992394305
930,-1.4131419871332,-1.39181526132312
931,1.17401324062032,0.393988396303959
932,1.40127134129788,2.13172742393234
933,0.707965342885957,-1.41615324481884
934,-0.881409246672846,0.206233456783051
935,0.595454300163285,-1.69481776325035
936,0.909502402747498,-0.810592302385662
937,1.2279713065041,0.393568054720977
938,1.25391043515737,0.481909513858063
939,-0.637808836924689,2.19736028575952
940,1.03611111129707,-0.330579039752563
941,0.986955417829283,-0.466848145743358
942,1.25514818320069,0.547609893444682
943,-0.871194142941381,0.723471395134771
944,-0.758514292549613,1.80138203092349
945,-1.27109420732332,-1.08068206336043
946,-1.06183999421472,-0.302544401085587
947,-0.898436276575434,1.76888007294244
948,0.82444352149243,-1.02517296310533
949,1.04978245605629,-0.30197366227147
950,1.23910502691497,1.53137336973631
951,1.2303400131682,1.39623166273143
952,-1.09659333123519,-0.561329691049511
953,-0.916779509637023,0.186900616478181
954,1.0472309432918,-0.182549993427074
955,1.26887340473249,1.45127276315706
956,1.04206055931508,-0.271393904674615
957,0.906331288522656,-0.830071210179152
958,-1.02683941383637,-0.335949142051526
959,-1.11311113181555,-0.0078498981731872
960,1.23760017074575,1.9298742549101
961,0.913376023628378,-0.792487701705968
962,-1.14280266182928,-0.475076296427883
963,1.02580894935175,-0.424252585899648
964,1.06787170824648,-0.105086876642207
965,1.08854288743518,2.79228513439515
966,1.08155316571631,-0.101941409285403
967,0.824396876904715,-0.969809207349842
968,-0.844787475020023,1.23543903999591
969,0.863758216935136,-0.964472989390516
970,0.76014728367867,-1.08091926587805
971,-1.25477504699764,-0.817650014851454
972,-0.969784001227716,-0.188593822218886
973,-1.15922057200387,-0.720324710668789
974,0.917587272062633,-0.906608202724761
975,-1.37324811719258,-1.3334562909915
976,-0.684444351734443,2.85473989500786
977,1.07194520407631,-0.32264071681037
978,1.17657287104729,0.245686280492232
979,-1.13370654685224,-0.717836919003268
980,1.18628760678574,1.27412669045557
981,-0.789785481715773,2.0128669371316
982,1.31990355757988,1.69556602585324
983,-1.03790463177745,0.15499957499499
984,-1.43441532493208,-1.48198463698333
985,1.08629037398928,-0.0772607706185329
986,-0.843384609621312,0.812005518160214
987,0.75244667864451,-1.25105243340852
988,-1.36091579915682,-1.27918272339722
989,-1.02559766540694,-0.322144531386263
990,-0.823608760338765,1.72791126895488
991,-1.38913784054016,-1.44954435010012
992,0.862991841785755,-0.839129092195768
993,-1.0482858900683,-0.470080971249105
994,1.01998585274408,-0.209504376469233
995,0.763387318098424,-1.38113925082687
996,1.10518042042455,-0.131941119297872
997,-1.08400562315262,-0.476584075584483
998,0.62474461792531,-1.51541384888359
999,-1.33564626589632,-1.21497806852049
1000,0.657408836135855,-1.54923975797156
