instances,feature_N2,algo_random_forest
1,0.6471118291850033,0.9675840262617056
2,0.29883744110259114,0.020202707317519466
3,0.510734904262889,0.7765287894989963
4,0.07651449716673109,0.01005033585350145
5,0.5316455221220343,0.9675840262617056
6,0.7381028384617572,0.9675840262617056
7,0.5887445726643107,0.579818495252942
8,0.4258434477208761,0.8209805520698302
9,0.5304146608604188,0.916290731874155
10,0.4572703795067983,0.21072103131565253
11,0.2406057658490538,0.020202707317519466
12,0.5108900911270109,0.4307829160924542
13,0.25364839543585316,0.09431067947124129
14,0.4995284235883114,0.3011050927839216
15,0.39592280147861936,0.09431067947124129
16,0.6243026504726512,1.8325814637483102
17,0.29073070497562437,0.2484613592984996
18,0.4401578086475769,0.08338160893905101
19,0.48325361196687033,0.3011050927839216
20,0.6678113492631128,1.7147984280919266
21,0.3269969275750524,0.020202707317519466
22,0.49508725841841383,0.18632957819149348
23,0.17495975055784552,0.020202707317519466
24,0.5055235089782719,0.4620354595965587
25,0.6676404389064834,0.9942522733438669
26,0.3288293957627053,0.10536051565782628
27,0.40114172815811244,0.11653381625595151
28,0.345910260396041,0.08338160893905101
29,0.5207485760178439,0.35667494393873245
30,0.48013708077875394,0.527632742082372
31,0.4036449491766826,0.5621189181535413
32,0.438443118132705,0.3285040669720361
33,0.24191574997021503,9.992007221626415e-16
34,0.5388432989775135,1.3862943611198906
35,0.4895199634933448,0.5447271754416722
36,0.15001037500559433,0.2744368457017603
37,0.0329361415809829,9.992007221626415e-16
38,0.27856046488840736,0.06187540371808753
39,0.6679940989759177,0.4462871026284195
40,0.3390466378861364,0.15082288973458366
41,0.5849642362051133,0.342490308946776
42,0.4083662544699017,0.07257069283483537
43,0.29948715788675406,0.030459207484708574
44,0.07581935363140768,0.01005033585350145
45,0.502430390056972,0.4620354595965587
46,0.41215576875716553,0.1743533871447778
47,0.5045680273825339,0.3285040669720361
48,0.3132091414619693,0.13926206733350766
49,0.3350302703838355,0.31471074483970024
50,0.07804197310320682,0.7765287894989963
51,0.5256305808719943,0.2876820724517809
52,0.47316419769522844,0.1743533871447778
53,0.4935577604952943,0.09431067947124129
54,0.5104573747257849,0.40047756659712525
55,0.6263442843135156,0.4155154439616658
56,0.5000958612937189,0.4780358009429998
57,0.3892209251581872,0.4462871026284195
58,0.09212385746380936,0.030459207484708574
59,0.3157554760596619,0.10536051565782628
60,0.39884865459165686,0.6733445532637656
61,0.513161803269365,1.171182981502945
62,0.5094665669962307,0.941608539858445
63,0.38225833753857874,0.05129329438755058
64,0.7683494249533978,0.19845093872383832
65,0.4752865277547892,0.5108256237659907
66,0.6835115626634782,1.3470736479666092
67,0.8208706707638111,1.5141277326297755
68,0.6143009278259358,0.7765287894989963
69,0.0395928085685916,0.01005033585350145
70,0.03866894381649344,0.01005033585350145
71,0.2908339170214773,0.030459207484708574
72,0.3693731823730614,0.2231435513142097
73,0.4567361247106879,0.3856624808119846
74,0.3412275781760158,0.07257069283483537
75,0.03346934454506778,9.992007221626415e-16
76,0.4940247418843371,0.4620354595965587
77,0.7008118798739481,0.2613647641344075
78,0.1881791200282088,0.35667494393873245
79,0.4845396291615993,0.7133498878774648
80,0.4641262642417301,0.2231435513142097
81,0.38308741476452013,0.10536051565782628
82,0.3718594694439781,0.12783337150988489
83,0.45259678997903874,0.23572233352106983
84,0.19273374406470356,0.4942963218147801
85,0.3580732038261192,0.5447271754416722
86,0.35204036015467666,0.11653381625595151
87,0.4862926476534152,0.5978370007556204
88,0.5290538345270296,0.527632742082372
89,0.3871199704599986,0.06187540371808753
90,0.4752141182134152,0.23572233352106983
91,0.5627594492879173,0.040821994520255166
92,0.5121137355426513,0.6931471805599453
93,0.9250470670648013,0.11653381625595151
94,0.7059144136801965,1.3470736479666092
95,0.05485454541995538,0.01005033585350145
96,0.2730962622531007,9.992007221626415e-16
97,0.3622708853780783,0.9675840262617056
98,0.6403503658521889,0.37106368139083207
99,0.5006150478768826,0.12783337150988489
100,0.4648094567444325,0.3011050927839216
101,0.562024197014509,0.5621189181535413
102,0.35827804635274774,0.15082288973458366
103,0.17617675569160074,0.15082288973458366
104,0.7936152691212482,0.3285040669720361
105,0.30038661067799965,0.040821994520255166
106,0.1456046069541026,0.020202707317519466
107,0.3696456209010055,0.030459207484708574
108,0.08268376362722529,0.6733445532637656
