"V1","V2","class"
0.718901629644266,0.483755437651155,"1"
0.676290236448272,0.736995699212817,"1"
0.786266611370544,0.711147877058645,"1"
0.290658814437334,0.188129087985282,"2"
0.4358290729678,0.364380858138885,"1"
0.742369040362466,0.713783838291672,"1"
0.606116310030202,0.179945122519809,"2"
0.622726255265777,0.84977376907727,"1"
0.857527825144297,0.880455754462946,"1"
0.578590942572526,0.55081656570831,"2"
0.448510761528182,0.200945967762168,"2"
0.681525058047437,0.450457839611131,"1"
0.476563657388228,0.632437815518577,"1"
0.899875070996447,0.656727993375409,"1"
0.669685241980795,0.617086398963405,"1"
0.612719855169297,0.623741429267103,"1"
0.540757857251664,0.558649069723913,"1"
0.0520350449529172,0.590726779055506,"2"
0.590529491805546,0.558150389260329,"1"
0.262610963017961,0.408615770667957,"2"
0.636175055086614,0.583069148140026,"1"
0.816159066142465,0.527582605699472,"1"
0.746139965625673,0.548260171024538,"1"
0.166302882469824,0.124857431792836,"2"
0.645629020502685,0.62173694077264,"1"
0.262875020313483,0.38562066523828,"2"
0.178876423702465,0.423765026697277,"2"
0.489349812040008,0.8099274973377,"1"
0.219352742010347,0.147591397328875,"2"
0.266679225316307,0.294292169961027,"2"
0.550789281660038,0.149712964672707,"2"
0.414891142753773,0.673575004161699,"1"
0.674327845952365,0.940634319494962,"1"
0.392866211072338,0.4846515292739,"2"
0.371746915956911,0.319014229082927,"2"
0.62787115605804,0.808196288913279,"1"
0.585309193224565,0.614354849476815,"1"
0.375080403160223,0.410773129389751,"2"
0.830248920523737,0.625585595076178,"1"
0.575773707281989,0.392829615333429,"2"
0.441369134851263,0.472250672541878,"2"
0.33476737575281,0.200796183721133,"2"
0.775806910905448,0.90083617183665,"1"
0.457551396236646,0.588275554489023,"1"
0.62243686178213,0.688523626624044,"1"
0.654184386535334,0.919681586562743,"1"
0.477610025455561,0.358729770076214,"2"
0.342137238927136,0.288043952028329,"2"
0.675331823163221,0.642098987164591,"2"
0.280459627280018,0.236117166367842,"2"
0.504314281487103,0.6530913686894,"1"
0.915777495606513,0.574031148535685,"1"
0.697389493937766,0.628592051610441,"1"
0.333888166365172,0.342725085087294,"2"
0.274840515710894,0.232243799949682,"2"
0.445756715628215,0.176243991827555,"2"
0.658202993483655,0.736610557358031,"1"
0.46764783279148,0.728051900073805,"1"
0.374807805362621,0.228308658763343,"2"
0.699392385730466,0.437206335901253,"1"
0.684443454250156,0.631451495862971,"1"
0.243906236903983,0.494042069897557,"2"
0.868080588121567,0.551178261562936,"1"
0.499483717148322,0.550936710473452,"1"
0.411239023804017,0.231849201001678,"2"
0.760838417628531,0.740263231604489,"1"
0.397310452296131,0.528444318505119,"2"
0.807274105430625,0.802068396326409,"1"
0.715905735697106,0.275823197476145,"2"
0.764502243881732,0.563557795813545,"1"
0.749078812683301,0.646912856134845,"1"
0.505541096053209,0.772322688133372,"1"
0.83438082482729,0.704540612397305,"1"
0.382492360189715,0.299228418302586,"2"
0.678987775000521,0.721029478830081,"1"
0.643483152703864,0.678361767907989,"1"
0.608232644800244,0.704835171015602,"1"
0.639434455136185,0.168966818743917,"2"
0.635487668975573,0.36041102336509,"2"
0.285686911950108,0.391771214570215,"2"
0.336711395394542,0.241533045181955,"2"
0.387788771068422,0.430251327725284,"2"
0.239788275654776,0.489825428094715,"2"
0.704036859591163,0.527549121553873,"1"
0.701213578486427,0.663539834420067,"1"
0.793423681578253,0.485659207458851,"1"
0.286500491923045,0.412473528420739,"2"
0.50922335445787,0.357992254037962,"2"
0.49866409206185,0.491444549565599,"2"
0.370070001767236,0.268432745727216,"2"
0.477085532510756,0.748942829092614,"1"
0.357142737757137,0.31344627244296,"2"
0.831059584346086,0.630936156494991,"1"
0.716870654599226,0.682106031012296,"1"
0.459586024366833,0.546085194542616,"2"
0.280811878426546,0.58207196025207,"1"
0.631504058247992,0.730153619203642,"1"
0.703863275989627,0.43438307339172,"1"
0.250571462310497,0.236762705370371,"2"
0.33024828826821,0.365461871784587,"2"
0.425956749534769,0.42281083783863,"2"
0.407605360684872,0.425177059875393,"2"
0.745319435956953,0.488217620620127,"1"
0.371946873538195,0.324049860322899,"2"
0.382141295538979,0.399062026416416,"2"
0.518655651742023,0.212202611401484,"2"
0.394574706957177,0.447219860939496,"2"
0.474634019418995,0.654686585821503,"1"
0.5213941721338,0.681444892891228,"1"
0.723049033122636,0.699827651857609,"1"
0.480555126475577,0.255328184505592,"2"
0.472528583547986,0.451967316100075,"2"
0.694697644048986,0.698964245621117,"1"
0.524550559225726,0.562410128723318,"2"
0.33480249322705,0.002923406234301,"2"
0.799070395380681,0.737173809742622,"1"
0.467756363366039,0.320502460191462,"1"
0.721912835291763,0.46544340485099,"1"
0.58174712781984,0.577928563189665,"1"
0.714980126203045,0.576593315032925,"1"
0.373754990530492,0.306696020628674,"2"
0.571364501214087,0.484291271587163,"1"
0.393697790648402,0.192133356854155,"2"
0.425424662531121,0.388229066384984,"2"
0.387259644584858,0.154491322891664,"2"
0.364162238657745,0.426270319663978,"2"
0.521966520670048,0.604398217326206,"1"
0.532583859699576,0.441583511906911,"2"
0.635186531836183,0.635951260599917,"1"
0.419430753126061,0.134902481132868,"2"
0.791500540503977,0.575644219238741,"1"
0.835236096171687,0.70457330160183,"1"
0.817079020366008,0.690477512633152,"1"
0.590595709759754,0.769473973731506,"1"
0.467834540413352,0.460464806054136,"2"
0.827769457643237,0.508600279333256,"1"
0.22844267444807,0.306353264223209,"2"
0.222798197156255,0.535690196705542,"2"
0.644468121154234,0.679552303198791,"1"
0.557991108374455,0.662075276763241,"1"
0.892812157224343,0.824425415941988,"1"
0.539273255419437,0.43364230484463,"2"
0.30599866374397,0.550303366448598,"1"
0.186407978243228,0.568253475682032,"2"
0.731396211803072,0.953021967735174,"1"
0.434394453444393,0.37034987005966,"2"
0.888057643686156,0.788456694735176,"1"
0.65527991372054,0.517771112862187,"1"
0.852041189099768,0.438424314738707,"1"
0.392363386956044,0.608260440749564,"1"
0.500684726208653,0.434940670618386,"1"
0.649641696421855,0.89817492752602,"1"
0.570486135255765,0.714097078614479,"1"
0.290612178922949,0.248652475410161,"2"
0.486508564243685,0.910810065054349,"1"
0.322631139503669,0.313495609350979,"2"
0.199573396885727,0.37504532224558,"2"
0.306595179865186,0.348471703412134,"2"
0.739990634941106,0.639464202352241,"1"
0.295049426607619,0.43243321510504,"2"
0.499037436061712,0.221867555541901,"2"
0.66934986998572,0.679470769686401,"1"
0.435858170308366,0.198617868544708,"2"
0.128156818983675,0.301443785079982,"2"
0.156324489243947,0.359616459402159,"2"
0.64669280908777,0.414121419356992,"1"
0.841192485432421,0.633962685849916,"1"
0.502100523420586,0.491118970665977,"2"
0.615804585814071,0.686148528199134,"1"
0.541474494847411,0.270948127699702,"2"
0.371451015233553,0.462148997586037,"2"
0.386618679222182,0.312546137300253,"2"
0.572714790387221,0.564034923642132,"2"
0.485838376512897,0.645771414037723,"1"
0.611945719196487,0.614803985815268,"1"
0.525009756688922,0.770446185888169,"1"
0.563820194116037,0.678789869092194,"1"
0.191125829789243,0.291431426228597,"2"
0.402429183131517,0.542951022665557,"2"
0.506391195622942,0.216784796922176,"2"
0.377267856899399,0.250936882330732,"2"
0.351845709643443,0.303617516453024,"2"
0.703727637602067,0.665374802237439,"1"
0.792689445640456,0.626186548767519,"1"
0.507196922467355,0.415250470992991,"2"
0.484491227413873,0.459871719541365,"2"
0.800408019785444,0.595229641691111,"1"
0.268239562637637,0.646907840510326,"2"
0.621916022734786,0.339743974716739,"1"
0.743439873889319,0.469612637231131,"1"
0.557699429727962,0.736869507371733,"1"
0.474487821937893,0.388503241276582,"2"
0.398084479379754,0.400670152387191,"2"
0.754687428488579,0.698063011555355,"1"
0.164512378938993,0.301960574647208,"2"
0.66961683782801,0.552908479379515,"1"
0.511386373141353,0.371129734592752,"2"
0.454422754349389,0.313318273691582,"2"
0.80373106958772,0.690002380706168,"1"
0.378822274283615,0.189920278641723,"2"
0.374115715329848,0.171042678267696,"2"
0.491326325707038,0.505486983707608,"2"
0.36536032231887,0.0722078011216414,"2"
0.560418671702948,0.149878284859598,"2"
0.639440637454636,0.416000628382475,"2"
0.319195042610749,0.371870535399882,"2"
0.256304593624805,0.348673075718602,"2"
0.789241864459973,0.742803340344611,"1"
0.474606273024774,0.291810006677056,"2"
0.716531084517804,0.712707895205329,"1"
0.512894193957111,0.505434068138253,"1"
0.649678232911149,0.879991834119839,"1"
0.515969606260719,0.528490504916304,"2"
0.585286858773222,0.777481305460274,"1"
0.670628809979202,0.719728404949164,"1"
0.349548598684642,0.806643907594639,"1"
0.773205480569839,0.71795366708928,"1"
0.461490912727873,0.723744000448601,"1"
0.437816438910974,0.285279516738149,"1"
0.54529424690727,0.288214985902578,"2"
0.718623997067057,0.770313035311034,"1"
0.318757526900281,0.349852730722188,"2"
0.578740323465243,0.63955703941078,"1"
0.496093827274602,0.437147162896403,"2"
0.519639688738129,0.358354204989844,"2"
0.381504692628722,0.27483304234448,"2"
0.306793865352418,0.221613656426986,"2"
0.339495704015699,0.0714460233051966,"2"
0.68200566784767,0.610427106134828,"1"
0.365127044043731,0.435256254566861,"2"
0.267673654002379,0.290068435344283,"2"
0.276291853505609,0.442522959709908,"2"
0.385063677884788,0.47287131150454,"2"
0.386495715678954,0.421753092473151,"2"
0.569087211753338,0.330772696168599,"1"
0.60759578431297,0.607421194541707,"1"
0.652468494831837,0.670190035888861,"1"
0.448595902936535,0.383021785681232,"2"
0.590139458611976,0.453389270231709,"2"
0.695706115092828,0.343769850204934,"2"
0.450911972912009,0.449303501109147,"2"
0.279917091508353,0.26666961384119,"2"
0.475833309256425,0.457490297966128,"2"
0.489464408029899,0.631241253109952,"1"
0.568303986094285,0.339987267931089,"2"
0.527018965614833,0.977081367301873,"1"
0.424986943667175,0.279932709530761,"2"
0.863222673972381,0.939310759672435,"1"
0.472718289051161,0.435357606861163,"2"
0.631528024958722,0.661209664024782,"1"
0.465335486725508,0.435525891890933,"2"
0.829641442755917,0.445793097381341,"1"
0.283880141930832,0.615855985977225,"2"
0.462424118433999,0.661868173679021,"2"
0.549271571517073,0.351974010265779,"2"
0.565004830925182,0.508604047512227,"1"
0.693426861615365,0.483815588331782,"1"
0.620647750875431,0.545600542772766,"1"
0.642788086444007,0.544633681097552,"1"
0.520785215355283,0.412297527734141,"2"
0.610991783007705,0.579279472968916,"1"
0.610667832261125,0.145512381017789,"1"
0.58285121485002,0.497743124324344,"1"
0.527191876901418,0.578545176233422,"1"
0.125127829276535,0.491553672205685,"2"
0.301012555250367,0.276478061570296,"2"
0.835028370135519,0.485234326238458,"1"
0.379429791486753,0.540220664993443,"2"
0.47504740603742,0.763877758149231,"1"
0.318237949610832,0.179081302034742,"2"
0.461574507089581,0.655245957371106,"1"
0.447921207624585,0.37251243526911,"1"
0.500365086915349,0.483739688940793,"2"
0.594364434865908,0.365627368560914,"1"
0.711413624528356,0.53028136733549,"1"
0.553791689980774,0.73497739306284,"1"
0.455187964439598,0.485513654372915,"1"
0.558181955788988,0.694096047827915,"1"
0.533788693336431,0.731573328841349,"1"
0.27514834428688,0.27591974746995,"2"
0.627417302442231,0.67425534032413,"1"
0.749599171043799,0.722205961428459,"1"
0.393060157531361,0.292960615446975,"2"
0.143186984754195,0.397694024219259,"2"
0.616845312734182,0.212798190458439,"2"
0.530472356486216,0.410875109707372,"2"
0.921383612581522,0.511798284688252,"1"
0.600464818780577,0.648222609964065,"1"
0.638174039992872,0.320228456096177,"2"
0.657687256949515,0.516669490574979,"1"
0.342648637859681,0.60826185593774,"2"
0.287058091078282,0.39572635455871,"2"
0.21089534752597,0.569763462699749,"2"
0.512993013326397,0.345229146613271,"2"
0.785840811765687,0.520980757127006,"1"
0.526080257407528,0.308043895413826,"2"
0.47304046537479,0.378554725739405,"2"
0.422589022381477,0.662582808011298,"2"
0.418936981807977,0.33041244312868,"2"
0.628950416471033,0.526711620006837,"2"
0.333928748024879,0.313996190919161,"2"
0.306030608331247,0.501382742420023,"2"
0.67931188882457,0.505805094684224,"1"
0.316854622477401,0.469521949330637,"2"
0.233746797679374,0.379399923553069,"2"
0.521138616742458,0.505847660134518,"1"
0.448556154620459,0.50257621057852,"2"
0.859234480576235,0.606059777105815,"1"
0.576227766024076,0.252898403885978,"2"
0.495916944654424,0.438884426219148,"1"
0.409213961924638,0.655347185836178,"2"
0.633414209436633,0.580691628311779,"2"
0.558123065294394,0.365563623801843,"2"
0.744368678590882,0.86632853936957,"1"
0.413143887597659,0.412826767298376,"2"
0.535650697905939,0.229626854701005,"2"
0.519198296012893,0.432845599037793,"2"
0.364404507437211,0.324045366285985,"2"
0.533395428470952,0.757603162953287,"1"
0.352767727678372,0.320722063357228,"2"
0.455964908148993,0.79226432881268,"1"
0.493849892709679,0.488363604443538,"2"
0.375075464165516,0.334889009726242,"2"
0.10557443401376,0.4563312544727,"2"
0.496941860176986,0.388592309303098,"1"
0.676240035208674,0.5507294575531,"1"
0.752966480390446,0.704963013852859,"1"
0.674907290705117,0.523491931803024,"1"
0.249881139478185,0.0466371068932016,"2"
0.538690227577261,0.592684235408218,"1"
1,0.596431346229521,"1"
0.803239243869181,0.554517641968745,"1"
0.66854739108054,0.408200200891679,"1"
0.616563577134381,0.692755012551588,"1"
0.623327131310922,0.778206912356593,"1"
0.725025373948878,0.693520767724785,"1"
0.603215788778782,0.720472944478342,"1"
0.321973828018129,0.526273176857123,"2"
0.596364869484065,0.660801015905884,"1"
0.391133174417132,0.483671170929674,"2"
0.746772291049583,0.631574708479677,"1"
0.121926930699065,0.177899373186693,"2"
0.865044521640304,0.614744310500737,"1"
0.651297369636652,0.616990443534429,"1"
0.679729070834127,0.92998740784916,"1"
0.465984858567789,0.280175507790995,"2"
0.550500142449857,0.718967821988128,"1"
0.494175581242228,0.598746365396076,"1"
0.508101611436246,0.539415057834441,"1"
0.698068181965415,0.609003534368511,"1"
0.464448163514178,0.54347829492554,"2"
0.483285812407693,0.636739689191613,"1"
0.376561383527613,0.218461897491504,"2"
0.209082007999004,0.482589795596783,"2"
0.434681466984671,0.410259306868202,"2"
0.567831434591985,0.679940894746165,"1"
0.290749950778495,0.403304728690673,"2"
0.66295606585426,0.677646350343617,"1"
0.766981385767199,0.594767108202707,"1"
0.425167050967895,0.70403153942309,"1"
0.326934162712572,0.21314491470226,"2"
0.620095754129776,0.538333403549387,"2"
0.697980683959654,0.574651853446739,"1"
0.704358941055831,0.384067273182546,"2"
0.46042174782184,0.81638371506784,"1"
0.406414158330338,0.227248137407683,"2"
0.27737668645315,0.373407697317684,"2"
0.531764146036462,0.446011173469192,"2"
0.791186505072318,0.71449455701145,"1"
0.685214243350267,0.588027397480765,"1"
0.83233813775687,0.49848925902997,"1"
0.504675501298602,0.450311368293892,"2"
0.213404858162854,0.244587483377178,"2"
0.355862985649644,0.367497181798046,"2"
0.511518254099684,0.398351746298566,"2"
0.109580664451199,0.39496149147142,"2"
0.668504940772113,0.658811079715211,"1"
0.334853521875952,0.406387318245302,"2"
0.578398030997684,0.666912723679384,"1"
0.253761711386914,0.451693895908552,"2"
0.43240146774108,0.180566118910716,"2"
0.662450007651782,0.711581547329956,"1"
0.700864344418995,0.81316278823517,"1"
0.43276029694161,0.30683063133046,"2"
0.683466445664039,0.609398535690539,"1"
0.451480066512558,0.090607108319788,"2"
0.309454738442692,0.113830503752196,"2"
0.511314916432039,0.556411574947519,"2"
0.5200658998713,0.438707732520877,"2"
0.397138807155059,0.454265365032902,"2"
0.596357872540524,0.755227104123266,"1"
0.638655392798801,0.602747087154393,"1"
0.74687406246608,0.822082342607906,"1"
0.566538240471994,0.781181555360305,"1"
0.488528102343554,0.293001687586957,"2"
0.473045166969305,0.409765000611586,"2"
0.139442793970083,0.434225523337093,"2"
0.546843550002897,0.446797576264089,"1"
0.476854712949797,0.649547476876308,"1"
0.769328810231929,0.689348919175125,"1"
0.502850480531385,0.52308403902817,"1"
0.336353085243867,0.427853457057901,"2"
0.359402202414801,0.319640659091043,"2"
0.531677609084133,0.440260815764057,"2"
0.453156119424915,0.260549068521624,"2"
0.377003556046596,0.303773752256238,"2"
0.54346856804508,0.500221723326291,"1"
0.690506165818839,0.650932781043664,"1"
0.61666533739066,0.409003865359964,"1"
0.0754738693660423,0.391274984559456,"2"
0.744659568105262,0.544604052182194,"1"
0.445171777854098,0.273845998044994,"2"
0.334268734457508,0.23277811833748,"2"
0.648505844619607,0.679228478937722,"1"
0.297286512174207,0.502120610979946,"2"
0.874860181006561,0.594236298627478,"1"
0.643377389195778,0.501526598962078,"1"
0.555599429703906,0.540714432153392,"2"
0.793529993697282,0.456292107242395,"1"
0.301680366767523,0.363373366443354,"2"
0.546132822281884,0.606727459441837,"1"
0.662707624577988,0.727641946907205,"1"
0.583526517372239,0.628725840177805,"1"
0.522676752492957,0.489152851123366,"2"
0.408627870501304,0.551070418290877,"2"
0.691515930933916,0.716191059640985,"1"
0.174172181109533,0.264478698767203,"2"
0.306776508535611,0.488793839382185,"2"
0.421272384157577,0.35100934205032,"2"
0.681773295394646,0.626955742645906,"1"
0.271640179040884,0.372933715284307,"2"
0.632872327061116,0.7667904024388,"1"
0.584878559303433,0.928381744116353,"1"
0.485446975573381,0.447058007685171,"2"
0.423760095192871,0.307983475854127,"2"
0.390580963898813,0.38550786004141,"2"
0.762757295921041,0.671610395100758,"1"
0.609967254891442,0.806402833131948,"1"
0.398255597591978,0.312929091207358,"2"
0.631611213485212,0.685390673705463,"1"
0.405946995195614,0.294381360868075,"2"
0.446169280429663,0.349635559304426,"2"
0.494484778670142,0.433603643072445,"2"
0.667745877544699,0.386206254319712,"1"
0.415383705148618,0.496995896015151,"2"
0.616454844203354,0.606423142571333,"1"
0.7631376530579,0.585232608411872,"1"
0.458959069623799,0.187109233706797,"2"
0.349549219610082,0.382358911965086,"2"
0.4320796143645,0.489887522308066,"2"
0.53755501966139,0.794762069098415,"1"
0.340937205145564,0.142716708179015,"2"
0.345388452474975,0.603752128703898,"1"
0.537046073746493,0.593315272744206,"1"
0.443661355054224,0.431807003336856,"2"
0.650578035759738,0.535819311545026,"2"
0.141593053682358,0.274491759909745,"2"
0.648732794780628,0.716560747667238,"1"
0.538095936390847,0.489346870421172,"1"
0.362332501320629,0.260758176934792,"2"
0.479212239280289,0.569136324083625,"2"
0.266944797107772,0.32637296467328,"2"
0.273712933665262,0.114514429349664,"2"
0.625672441488513,0.624976163694566,"1"
0.20471898979642,0.402498870558157,"2"
0.19208302714111,0.190373507827349,"2"
0.582628718054407,0.938232721801769,"1"
0.583790480136405,0.654499961142384,"1"
0.43674499081161,0.577207818146099,"1"
0.253744299965276,0.223059833728164,"2"
0.636265477483444,0.51708249503917,"1"
0.2218700535201,0.483018112675123,"2"
0.795322859893268,0.583389917732725,"1"
0.138895208310425,0.593735121607514,"2"
0.50969963356189,0.466292570681301,"1"
0.418248049430811,0.34869476831269,"2"
0.500945460192056,0.413893585501218,"1"
0.361574544237661,0.323776195993,"2"
0.528227892245889,0.810147416794115,"1"
0.467427349938639,0.335330672080186,"2"
0.684195728231246,0.751208492128438,"1"
0.484494594943926,0.493440904502984,"2"
0.673645349658757,0.700013443954521,"1"
0.639945767561917,0.316711847901741,"2"
0.379152782934629,0.421373394441813,"2"
0.654015384443415,0.770818182499888,"1"
0.444636123261836,0.597683971421511,"1"
0.588687964091286,0.665483970603472,"1"
0.744893692806443,0.423763655981102,"1"
0.397687189859164,0.38486917455072,"2"
0.836023858364305,0.639208663119759,"1"
0.872050707744541,0.858543200981044,"1"
0.292549035978604,0.356890770254374,"2"
0.386555027759542,0.774659118331311,"1"
0.525160266592125,0.419870800969338,"2"
0.613246836677285,0.554121645818188,"2"
0.753413542069663,0.673012177913806,"1"
0.362120445924683,0.246761520629146,"2"
0.655066817998738,0.565549651010547,"1"
0.441716143887258,0.286656292596281,"2"
0.450724708352012,0.57610553482795,"2"
0.433434123452911,0.271120355053854,"2"
0.312405298837979,0.167826935500426,"2"
0.318576079769566,0.292789665121406,"2"
0.667332019304131,0.354437837323521,"1"
0.544041716702005,0.705817127157304,"1"
0.450797697317911,0.584070070287276,"2"
0.683734014220039,0.792995714962369,"1"
0.326709928334906,0.618558716967845,"2"
0.362818424685419,0.307592041578163,"2"
0.633136265708444,0.724285009332545,"1"
0.87764643603281,0.463970609514496,"1"
0.294889750103959,0.31546928763186,"2"
0.561227291264401,0.619240569058931,"1"
0.831024861048023,0.507412210762502,"1"
0.44335086855224,0.690870332664978,"1"
0.526208582798873,0.354074341936336,"2"
0.198983528594026,0.328507613982731,"2"
0.444755822489642,0.409671062625424,"2"
0.392116801756997,0.402325400495439,"2"
0.345261862482945,0.391896366328168,"2"
0.515474190636076,0.491748985054159,"1"
0.67396543446097,0.648963362045639,"1"
0.162293388377661,0.206729432438628,"2"
0.642920384964781,0.692583891365127,"1"
0.328969521165029,0.0732721526812218,"2"
0.774315679758477,1,"1"
0.81242957819425,0.670372002386812,"1"
0.299941482392676,0.165814743257048,"2"
0.357832167796222,0.367693534106451,"2"
0.645806455649406,0.309522388481594,"1"
0.518988555266944,0.408219020974157,"2"
0.786236239323136,0.332971805413207,"1"
0.543444295972214,0.312272301756238,"2"
0.346851045405407,0.352094740338128,"2"
0.460842090862262,0.317802219201285,"2"
0.740860011481879,0.523110523398659,"1"
0.586615078747774,0.459292015715008,"2"
0.522425272122779,0.744574941097828,"1"
0.650408518883145,0.152304209311915,"2"
0.715968975484572,0.622942111126895,"1"
0.513197702863391,0.214436591153268,"2"
0.499540029998777,0.537280484335515,"1"
0.33046538713069,0.483871311903838,"2"
0.379354929673274,0.150293107666788,"2"
0.295619196796735,0.452046660653318,"2"
0.560338702289207,0.550359033753515,"1"
0.493239655380039,0.645943936946292,"1"
0.644391824727449,0.82010238107469,"1"
0.778094114787151,0.651966685414672,"1"
0.558529917894951,0.531103976880541,"1"
0.165473000614366,0.488975779063392,"2"
0.447971814157301,0.281745452814933,"2"
0.449018103244936,0.554687235186989,"2"
0.451087923535116,0.523411266512951,"2"
0.705101219017565,0.692992669216749,"1"
0.0274644760899539,0.407219197656516,"2"
0.857650568027009,0.598139783904768,"1"
0.685147391711643,0.393613515676027,"1"
0.435110229359041,0.540935689340248,"2"
0.244277259729174,0.378693175586527,"2"
0.441504354850413,0.265615548275058,"2"
0.538418784055307,0.569506206864752,"1"
0.413301289563863,0.236792425856176,"2"
0.371263198512289,0.372219647946149,"2"
0.389394913242499,0.261219677175566,"2"
0.470005983841767,0,"2"
0.381057809853739,0.345828221941166,"2"
0.569224887510616,0.393647055728739,"1"
0.287833963681327,0.338286229610058,"2"
0.352758706223373,0.24813885535992,"2"
0.32825519001483,0.449653617974414,"2"
0.505666507425866,0.369154112110786,"2"
0.399635420840082,0.558587537047986,"2"
0.327696582918295,0.352928296076203,"2"
0.438956380788986,0.134096057599256,"2"
0.325028404847572,0.368205759080419,"2"
0.619778573276187,0.507034519276237,"2"
0.47909094366862,0.613930725822855,"1"
0.368399773360665,0.440119172453957,"2"
0.753046470785212,0.628512082029981,"1"
0.311296569138991,0.410397061619204,"2"
0.604965024886558,0.69843969150004,"1"
0.679272313797134,0.594598831937759,"1"
0.265150201160082,0.253491309245612,"2"
0.750230758705582,0.425176007152536,"1"
0.190480699492431,0.279568450329923,"2"
0.60125078294367,0.709962603347313,"1"
0.187722237838841,0.619297096009608,"2"
0.287042962047144,0.386146380681365,"2"
0.666894694794789,0.165016339063251,"2"
0.597697548740599,0.717464573431089,"1"
0.629206957800351,0.21404921103358,"2"
0.358438918557115,0.347814405063116,"2"
0.320736346235871,0.42202871481674,"2"
0.565552689222578,0.704700899202539,"1"
0.472983296750699,0.394980304532868,"2"
0.516062786514464,0.591736558885201,"1"
0.735359760114427,0.531023053900829,"1"
0.539576458119603,0.76595344914246,"1"
0.838568988607834,0.551640281989694,"1"
0.531039190937705,0.444963446894982,"1"
0.425238990143012,0.651509280972792,"1"
0.568021210099634,0.291514107553292,"2"
0.472850016262323,0.381572634358364,"2"
0.513184871165892,0.785130315760507,"1"
0.484796703241026,0.646044351018234,"1"
0.387687898487319,0.387527834970029,"2"
0.472532718491364,0.282074225699726,"2"
0.357895043299466,0.478884651043356,"2"
0.62879774899685,0.630438352743305,"1"
0.64704361737071,0.846972279680288,"1"
0.452156720961269,0.328901893532891,"2"
0.245633265035715,0.544977721904241,"2"
0.929783722746694,0.474648005119006,"1"
0.468582649323873,0.521980964590745,"1"
0.465065093243126,0.678614908982951,"1"
0.601138212941505,0.440431927108701,"1"
0.376968443206083,0.531468130115978,"2"
0.653832916836843,0.612267876747297,"1"
0.355716265150165,0.324761317414698,"2"
0.616257880761852,0.69627990509815,"1"
0.361951625224639,0.311637552151551,"2"
0.720936464451043,0.709801411453027,"1"
0.369030002770858,0.427025686427903,"2"
0.598972716696457,0.714303861939501,"1"
0.429944830002106,0.726113255262904,"1"
0.416862680827193,0.505012633991306,"1"
0.582076018751005,0.837215045755519,"1"
0.274586879436395,0.378963038813633,"2"
0.416171999999169,0.593692987770687,"1"
0.175126174980197,0.388009452839142,"2"
0.716891044810002,0.426907842248566,"1"
0.40059564891787,0.335601091043717,"2"
0.6767167387544,0.565290267434652,"1"
0.189069588030622,0.699813792148657,"2"
0.308639144948721,0.598424054288332,"2"
0.618780797783748,0.687551898503216,"1"
0.30445703459358,0.315446587725317,"2"
0.646769782023342,0.736298689338552,"1"
0.322918304386691,0.350595957340151,"2"
0.559395671582566,0.41440163227876,"2"
0.693108306072163,0.469380555655952,"1"
0.586038935519045,0.965462186101623,"1"
0.439235571408309,0.564413761978963,"2"
0.579839252079918,0.661194851992762,"1"
0.517248701763796,0.363037508891715,"2"
0.756097670709027,0.518644596134407,"1"
0.344207284196537,0.365645283009094,"2"
0.358042599238719,0.349267407860183,"2"
0.706055466105741,0.374404640848448,"2"
0.397811781134035,0.432161185683861,"2"
0.50943114503609,0.705045232524347,"1"
0.42932987487209,0.633228776002112,"2"
0.393828667802091,0.417030836987472,"2"
0.0847064873122129,0.405384977419864,"2"
0.427498377036888,0.312877468597207,"2"
0.764510274983615,0.659991184360959,"1"
0.581603861499525,0.504781541239509,"1"
0.539737682605804,0.289561505805056,"2"
0.403087891408259,0.491938406448901,"2"
0.518353191456779,0.301545202079837,"2"
0.383779119111981,0.376072562293559,"2"
0.641100790596916,0.586391417197574,"1"
0.326108584394381,0.38434767000008,"2"
0.739390841986018,0.547598083620265,"1"
0.340950524433791,0.494156351737253,"2"
0.878699341814765,0.667193343975683,"1"
0.335495331135225,0.391693441274184,"2"
0.553443267351498,0.497894855236481,"1"
0.293398092901381,0.438171185040974,"2"
0.643131956250059,0.593712417589282,"1"
0.734795663155679,0.937943621800996,"1"
0.801184034619573,0.903490671231362,"1"
0.713295603900272,0.669008644530591,"1"
0.356169819550534,0.493270281328459,"1"
0.715790669010443,0.738898299130838,"1"
0.573477234243209,0.443991698216756,"2"
0.668065716309585,0.553767609649158,"1"
0,0.569787770291592,"2"
0.682343122523858,0.576083915922526,"1"
0.555425921824956,0.507527427955963,"1"
0.625330434423869,0.760999472747731,"1"
0.278258843212861,0.401867071264015,"2"
0.567420936239508,0.458826321063771,"1"
0.4055672695836,0.283771040539583,"2"
0.467107046844053,0.544915582804996,"1"
0.407553403129122,0.243444409045446,"2"
0.322166410611952,0.478456443877406,"2"
0.438928773487778,0.36118976955305,"2"
0.238915075887355,0.660742172711374,"2"
0.52157028927099,0.450348134832038,"2"
0.394212665250762,0.545232323566127,"2"
0.000718859147795064,0.508670882269304,"2"
0.272484798803353,0.352903867728311,"2"
0.604757089502407,0.665977680417692,"1"
0.430399699825725,0.562794625042974,"2"
0.459064137256938,0.391644215323411,"2"
0.578061926709957,0.294644279516137,"2"
0.311911314619721,0.446460984700857,"2"
0.492738840148776,0.362393134674368,"2"
0.208361431798384,0.444026576917055,"2"
0.339332750858931,0.461091657650743,"2"
0.552271331058589,0.800438607525184,"1"
0.413951585250819,0.359096021771021,"2"
0.235346054737652,0.337045436507292,"2"
0.628102125516034,0.577527222145823,"2"
0.748298725298663,0.686670176629138,"1"
0.350705138969499,0.28665328666612,"2"
0.470819622400992,0.615365931006456,"1"
0.519891655552329,0.588173818417432,"1"
0.618352370155029,0.563120411377109,"1"
0.326951069353133,0.418455588647274,"1"
0.55910779160442,0.767934967955634,"1"
0.765043465850077,0.413775885792303,"1"
0.528634801694892,0.462823013514946,"2"
0.602650154283168,0.405522988780762,"1"
0.420650636064606,0.108803869971885,"2"
0.519522866921629,0.511828642973345,"1"
0.298206313726294,0.423815456731741,"2"
0.577966004260567,0.789535791449332,"1"
0.478537414632972,0.49596003622,"2"
0.466285629786123,0.168189444522858,"2"
0.575365952496462,0.717215548377671,"1"
0.515857430512204,0.379939306821787,"2"
0.303744657904473,0.67415189342364,"1"
0.348246546666213,0.210215220035007,"2"
0.789079741531344,0.48798633150027,"1"
0.576188784914838,0.545574320907222,"2"
0.733591425692221,0.656718382767314,"1"
0.404975645663956,0.474743507081923,"2"
0.412255890339975,0.371447610737197,"2"
0.327322867729347,0.33564522093263,"2"
0.248696879515321,0.046343952358131,"2"
0.555993989535491,0.803574966108559,"1"
0.370015364068159,0.625752038728474,"2"
0.455991714000182,0.853133210231734,"1"
0.600161503516407,0.675452332121205,"1"
0.63278341379732,0.570856328755164,"2"
0.264737146587121,0.496596838775644,"2"
0.22945689380879,0.422665171395256,"2"
0.555039127104807,0.770768340564171,"1"
0.511626986648819,0.362655229959894,"2"
0.287130172324519,0.114098606515729,"2"
0.803876599799903,0.758684369678998,"1"
0.234369163961096,0.492042240748426,"2"
0.349799895182362,0.514921267075668,"2"
0.555311482864766,0.416544674790535,"1"
0.319571416085679,0.269031925522849,"2"
0.561271016249343,0.614789697835449,"1"
0.258300752846832,0.883208246844603,"1"
0.470662165979045,0.554755714662604,"1"
0.711399885519476,0.522814788906205,"1"
0.82285977760724,0.950500051820851,"1"
0.269452665589323,0.370453241291691,"2"
0.577498100872392,0.640838333592861,"1"
0.19171260611367,0.264648809862429,"2"
0.30956013828497,0.493049506492248,"2"
0.673195306641944,0.826096626185238,"1"
0.29261810761653,0.211723971534579,"2"
0.419756713847498,0.388219435259162,"2"
0.615730297863848,0.742367516634854,"1"
0.190660372433434,0.520646902030957,"2"
0.510205546535654,0.567095501604159,"1"
0.172408261428907,0.0248481317946223,"2"
0.253005311112017,0.342903698417355,"2"
0.821333456440021,0.680211788266191,"1"
0.293994193774291,0.475887993980276,"2"
0.5502472051902,0.437373058758827,"1"
0.512900146646164,0.562634867272612,"1"
0.719838266052495,0.585085193672744,"1"
0.469740038926121,0.300082543377852,"2"
0.786283424306591,0.78146481950222,"1"
0.508598366585849,0.192799473061889,"2"
0.572927132404181,0.548334609450201,"1"
0.456875866279872,0.210207621029247,"2"
0.438971353051029,0.171078726830976,"2"
0.577812439242168,0.512629310774504,"2"
0.658599009424897,0.556220755168906,"1"
0.426043541149692,0.413790262318742,"2"
0.56377648114163,0.498406328110755,"1"
0.402620248296903,0.535582838998031,"2"
0.503196358314997,0.0905977978245218,"2"
0.809946573247178,0.666483617757206,"1"
0.482394064955583,0.30002515271996,"2"
0.452046570105124,0.458580842095458,"2"
0.456361772732669,0.222023624612703,"2"
0.648508507537377,0.782036003527278,"1"
0.339110215892584,0.255173032829239,"2"
0.396918781814615,0.21922215116994,"2"
0.484181018374133,0.742089762719889,"1"
0.584542165073885,0.779305425329831,"1"
0.466655828376298,0.42041420169359,"2"
0.46237892866202,0.307121344509094,"2"
0.575505698421506,0.607367774884677,"1"
0.406951345674444,0.345593369008257,"2"
0.325661122418952,0.171868921152441,"2"
0.252072910498969,0.38271622711835,"2"
0.333743233344018,0.386698203261198,"2"
0.132510423107837,0.278522114617023,"2"
0.299780481188971,0.216048579474486,"2"
0.357972512171705,0.525103379842765,"2"
0.555381848355127,0.571825359933878,"1"
0.400359309532117,0.587620201661712,"2"
0.291019017078353,0.324569364804029,"2"
0.547804960380121,0.388756675355565,"2"
0.633323638812795,0.735724998752813,"1"
0.529997025754748,0.758959642888722,"1"
0.283019919686035,0.527141895226983,"2"
0.478142844159054,0.666943905856824,"1"
0.502607230686825,0.723121810353909,"1"
0.729467846318534,0.827053587853332,"1"
0.285810037551673,0.415670578341235,"2"
0.367645359728107,0.837548163621773,"1"
0.481357871318016,0.408476089115144,"2"
0.460163316689633,0.244343861725389,"2"
0.532515991718563,0.442838911189053,"2"
0.585051163832307,0.435288106708836,"1"
0.472691265806959,0.436534131687394,"2"
0.63866453312765,0.473821354419451,"1"
0.1142819055544,0.324852474713417,"2"
0.757050585601827,0.725407087346549,"1"
0.521086669934055,0.535367548938093,"1"
0.677770565708598,0.174437138590697,"2"
0.540491132160542,0.354920864429018,"2"
0.785564030520074,0.555603748861307,"1"
0.86992713096008,0.787253246716596,"1"
0.654845680418882,0.488653796382711,"1"
0.33403848046483,0.181350622649197,"2"
0.187315108282988,0.267105797457268,"2"
0.699949294527343,0.826257470096607,"1"
0.301822293632357,0.483525480434078,"2"
0.795042784477881,0.536451914922878,"1"
0.395192009215182,0.162682696941231,"2"
0.357230965918519,0.419722807406987,"2"
0.751482566887673,0.441106487479251,"1"
0.550351597331213,0.615199029687508,"1"
0.706211085226196,0.27787465601257,"2"
0.350884936118197,0.315340665104514,"2"
0.641462468112632,0.688196879528353,"1"
0.546244057121109,0.715529581521439,"1"
0.667547128319602,0.673437616208799,"1"
0.740788343938745,0.418724789521505,"1"
0.446766253969265,0.720837871859206,"1"
0.386016723792675,0.318010223086262,"2"
0.461005899017842,0.516412144480564,"2"
0.506634646163003,0.686598738234338,"1"
0.764416402655048,0.576347462136837,"1"
0.356345039270383,0.641762718218172,"2"
0.754846999589193,0.695248767083588,"1"
0.447156242328684,0.229373904820992,"2"
0.469283399548228,0.627526376568662,"1"
0.7636811754148,0.50113984864706,"1"
0.586146919145519,0.452953401011929,"1"
0.596120306828638,0.39888759203133,"2"
0.290573111639599,0.401187776101525,"2"
0.56032845414569,0.47552767706345,"2"
0.498184026926213,0.83613005627591,"1"
0.69871521220433,0.692101662309132,"1"
0.801787307450053,0.635981677488165,"1"
0.580470068381441,0.646631054139098,"1"
0.393734936493373,0.483760356683903,"2"
0.263133327959884,0.239100731167182,"2"
0.754134323144657,0.515516548081586,"1"
0.48408214510405,0.232648143545952,"2"
0.548902654123831,0.757814718077929,"1"
0.416019453058687,0.459817272691401,"2"
0.612898448757802,0.15151054183147,"2"
0.381006103451784,0.464598407543421,"2"
0.511427449306035,0.480398820598095,"1"
0.502568886761067,0.390505388468104,"2"
0.411150306339967,0.508848218778305,"2"
0.264821377879578,0.263746989730932,"2"
0.389520026488176,0.443529327637897,"2"
0.445804076553781,0.592675267546178,"1"
0.306398649804524,0.530319838157913,"2"
0.297209896576191,0.455123709141974,"2"
0.625412646212098,0.713022726622842,"1"
0.270261501664342,0.401418336454446,"1"
0.471761752770201,0.308539540061378,"2"
0.71782539583074,0.388399550599831,"1"
0.492481149570211,0.606722861432579,"1"
0.380966335384683,0.337080108625723,"2"
0.598326122457896,0.586351602733955,"1"
0.236841815528281,0.322635054192113,"2"
0.375329825358735,0.325704376989427,"2"
0.831330990013014,0.464659760306073,"1"
0.233307225147332,0.272305968966459,"2"
0.477947128102732,0.291463261033733,"2"
0.688798841395321,0.6756832170315,"1"
0.38819197770261,0.826660256614975,"1"
0.459254695152513,0.553807065879935,"1"
0.498744240272433,0.095127650604055,"2"
0.538958306395123,0.589026106283646,"1"
0.479852372375883,0.502921018865548,"1"
0.582950522373265,0.435942910341384,"2"
0.582488428685713,0.624649424325826,"1"
0.661398996937147,0.702499899585515,"1"
0.363312890151372,0.549875110751697,"2"
0.515648732646592,0.33614793112851,"2"
0.419452442726198,0.085697510913049,"2"
0.642575284243558,0.546834812069299,"1"
0.488236813880665,0.410770000891892,"2"
0.733668430703051,0.6219306826403,"1"
0.669484684716382,0.630100221142263,"1"
0.761312519790775,0.508752189747593,"1"
0.460176275049653,0.295679253097234,"2"
0.689639624265795,0.712618908886946,"1"
0.574184430176794,0.951461447497356,"1"
0.49869832447637,0.499683479359964,"2"
0.338191749702573,0.651508379990025,"2"
0.529696132142566,0.558088783936978,"1"
0.393334366188086,0.244994837759649,"2"
0.632573957670503,0.619683042344143,"1"
0.279600552734688,0.488842166273395,"2"
0.309343022321511,0.538444154111843,"2"
0.562502049597081,0.371590087751257,"1"
0.260681652474135,0.287592115798164,"2"
0.375303251772588,0.157967213363636,"2"
0.214396719094094,0.518483230182229,"2"
0.220903054004987,0.60257075200639,"2"
0.206545501924896,0.525904713282029,"2"
0.632218153238809,0.645801902790354,"1"
0.641640226462078,0.424798345549612,"1"
0.373878035503325,0.306801967641436,"2"
0.339255444818494,0.181223286584681,"2"
0.912977521153453,0.830433667984559,"1"
0.269666757793798,0.202402323388648,"2"
0.738014994040645,0.722066104393207,"1"
0.376704038364301,0.324230620398826,"2"
0.591296191595731,0.445715197177071,"1"
0.218210276501012,0.337380542078456,"2"
0.610868977284991,0.909650505163311,"1"
0.70713702649999,0.861766778587181,"1"
0.459583052741315,0.402946963812181,"1"
0.280359108099929,0.199241264150556,"2"
0.64401961845877,0.503473040100039,"1"
0.741424372400971,0.777883677682173,"1"
0.305555185768334,0.309473445435087,"2"
0.613912623863172,0.617177793780232,"1"
0.402954312410856,0.466915030577797,"2"
0.604045550698801,0.531990566827162,"1"
0.493127086450875,0.418747719067369,"2"
0.817971746267685,0.6822664719171,"1"
0.655931357428637,0.621575881419245,"1"
0.436890460007289,0.557000407483906,"2"
0.356581531965069,0.300540799978075,"2"
0.49480822121114,0.36486415569846,"2"
0.697072131020572,0.512057105958867,"1"
0.409768292681269,0.313985717143699,"2"
0.562846487777795,0.166645312362741,"2"
0.674669724175818,0.66897201325368,"1"
0.34003971274466,0.577364733071558,"2"
0.571832129319264,0.456200604701066,"1"
0.609853562984191,0.510351541574733,"1"
0.606708667072306,0.628951816921953,"1"
0.651479837370359,0.392437288521508,"1"
0.48766228345048,0.284324597640538,"2"
0.677233951635516,0.58490809659956,"1"
0.718837565088572,0.488259520089932,"1"
0.355019399242681,0.338794007261267,"2"
0.622111279037962,0.746120865133504,"1"
0.73223730454592,0.665926012765501,"1"
0.483504220212282,0.59599658974501,"1"
0.515650319824101,0.325628937992424,"2"
0.916570186721456,0.404546016095455,"1"
0.339411548847948,0.300337850773917,"2"
0.507661740104641,0.387869848400319,"2"
0.504260374739418,0.417166233427136,"2"
0.399844970166056,0.282314066020742,"2"
0.550632847029997,0.772657700561352,"1"
0.223153124691015,0.528032188383433,"2"
0.442555622016093,0.377916622275919,"2"
0.389100411099504,0.199076944745315,"2"
0.505834910516959,0.496859487164679,"1"
0.192459517726647,0.411438240786766,"2"
0.525424879732558,0.693991978586573,"1"
0.492452591737819,0.414984370164201,"2"
0.50756828801306,0.802086614028696,"1"
0.37138456370231,0.365168535769283,"2"
0.457220544888521,0.225781057332259,"2"
0.0979413595547858,0.529743591395355,"2"
0.663619350818948,0.518189843221955,"1"
0.634550892408844,0.651023079997775,"1"
0.405850817208615,0.706812984267455,"1"
0.533519082452311,0.617503521329527,"1"
0.327923134513004,0.422667000813289,"2"
0.546646340618973,0.630559981817368,"1"
0.320976124753526,0.218042597192749,"2"
0.617160836505689,0.547549296113674,"1"
0.729268838934938,0.544726431693036,"1"
0.372325698241848,0.464444257629558,"2"
0.558445605010518,0.788833531045813,"1"
0.468565429776745,0.128665727622537,"2"
0.509297559851039,0.181487220050323,"2"
0.612366708128865,0.656722849074643,"1"
0.73403245858675,0.765821456875844,"1"
0.626908630744296,0.542757706635012,"1"
0.597555483311869,0.634582671867618,"1"
0.519154054350022,0.657927346958671,"1"
