instances,feature_Harmfulness,algo_random_forest
1,0.0,0.05129329438755058
2,0.0,0.12783337150988489
3,0.0,0.01005033585350145
4,0.0,0.2484613592984996
5,0.00145985401459854,0.19845093872383832
6,0.0,0.12783337150988489
7,0.0,0.2231435513142097
8,0.0,0.2231435513142097
9,0.0,0.2744368457017603
10,0.0,0.040821994520255166
11,0.0,0.05129329438755058
12,0.0,9.992007221626415e-16
13,0.0,0.21072103131565253
14,0.0,0.4462871026284195
15,0.0,0.5447271754416722
16,0.0,0.10536051565782628
17,0.0,0.07257069283483537
18,0.0,9.992007221626415e-16
19,0.0,9.992007221626415e-16
20,0.0,0.01005033585350145
21,0.05309734513274336,3.2188758248682006
22,0.0,0.9675840262617056
23,0.0,0.3856624808119846
24,0.0,0.07257069283483537
25,0.0,0.01005033585350145
26,0.008849557522123894,1.5141277326297755
27,0.0,0.030459207484708574
28,0.004379562043795621,1.0788096613719298
29,0.0,0.2484613592984996
30,0.0,0.2744368457017603
31,0.0,0.1743533871447778
32,0.00145985401459854,0.6348782724359695
33,0.0,0.11653381625595151
34,0.0,0.01005033585350145
35,0.0,0.16251892949777494
36,0.0,0.7339691750802004
37,0.0,0.030459207484708574
38,0.0,0.18632957819149348
39,0.0,0.01005033585350145
40,0.0,0.030459207484708574
41,0.0,0.06187540371808753
42,0.02654867256637168,2.0402208285265546
43,0.0,9.992007221626415e-16
44,0.00145985401459854,0.23572233352106983
45,0.0,0.030459207484708574
46,0.0,0.07257069283483537
47,0.0,0.12783337150988489
48,0.0,0.35667494393873245
49,0.0,0.3856624808119846
50,0.0,9.992007221626415e-16
51,0.00145985401459854,0.342490308946776
52,0.0,0.040821994520255166
53,0.0,0.040821994520255166
54,0.0,0.020202707317519466
55,0.00145985401459854,0.05129329438755058
56,0.0,0.4307829160924542
57,0.0,0.05129329438755058
58,0.0,0.4942963218147801
59,0.0,0.16251892949777494
60,0.0,0.01005033585350145
61,0.0,0.21072103131565253
62,0.008849557522123894,1.5606477482646683
63,0.0,1.0216512475319814
64,0.01327433628318584,1.0498221244986778
65,0.004424778761061947,1.5141277326297755
66,0.022123893805309734,1.2378743560016174
67,0.0,0.15082288973458366
68,0.0,9.992007221626415e-16
69,0.004424778761061947,1.5606477482646683
70,0.0,0.579818495252942
71,0.0,0.4307829160924542
72,0.0,0.05129329438755058
73,0.0,0.10536051565782628
74,0.0,0.05129329438755058
75,0.0,0.2613647641344075
76,0.0,0.11653381625595151
77,0.0,9.992007221626415e-16
78,0.00145985401459854,0.616186139423817
79,0.00145985401459854,0.07257069283483537
80,0.004424778761061947,0.37106368139083207
81,0.0,0.040821994520255166
82,0.00145985401459854,0.15082288973458366
83,0.0,0.020202707317519466
84,0.0,0.11653381625595151
85,0.0,9.992007221626415e-16
86,0.0,0.01005033585350145
87,0.0,0.31471074483970024
88,0.0,9.992007221626415e-16
89,0.0,0.616186139423817
90,0.008849557522123894,0.579818495252942
91,0.0,0.1743533871447778
92,0.00291970802919708,0.7339691750802004
93,0.0,0.09431067947124129
94,0.0,0.020202707317519466
95,0.0,0.040821994520255166
96,0.0,0.040821994520255166
97,0.00145985401459854,0.342490308946776
98,0.030973451327433628,1.5141277326297755
99,0.0,0.13926206733350766
100,0.0,1.1086626245216111
101,0.0,0.15082288973458366
102,0.0,9.992007221626415e-16
103,0.0,0.01005033585350145
104,0.004424778761061947,0.843970070294529
105,0.00145985401459854,0.12783337150988489
106,0.0,0.11653381625595151
107,0.004424778761061947,0.9942522733438669
108,0.0,0.030459207484708574
109,0.0,9.992007221626415e-16
110,0.0,0.01005033585350145
111,0.0,0.1743533871447778
112,0.004424778761061947,0.4620354595965587
113,0.0,9.992007221626415e-16
114,0.0,0.05129329438755058
115,0.0,0.5978370007556204
116,0.0,0.01005033585350145
117,0.0,9.992007221626415e-16
118,0.004379562043795621,1.1394342831883648
119,0.0,0.18632957819149348
120,0.00583941605839416,1.8971199848858813
121,0.0,0.342490308946776
122,0.0,0.941608539858445
123,0.0,0.4942963218147801
124,0.0,0.18632957819149348
125,0.0,0.01005033585350145
126,0.0,0.2744368457017603
127,0.0,0.13926206733350766
128,0.0,0.2231435513142097
129,0.0,0.6539264674066639
130,0.00145985401459854,0.21072103131565253
131,0.0,0.020202707317519466
132,0.0,9.992007221626415e-16
133,0.022123893805309734,1.6094379124341003
134,0.017699115044247787,1.4271163556401458
135,0.061946902654867256,2.120263536200091
136,0.00583941605839416,1.5141277326297755
137,0.0,0.18632957819149348
138,0.0,0.13926206733350766
139,0.0,0.3011050927839216
140,0.0,0.3285040669720361
141,0.00291970802919708,0.5447271754416722
142,0.0,0.342490308946776
143,0.00145985401459854,0.37106368139083207
144,0.0,0.4942963218147801
145,0.0,9.992007221626415e-16
146,0.008849557522123894,0.5108256237659907
147,0.00291970802919708,0.8675005677047231
148,0.0,0.040821994520255166
149,0.022123893805309734,0.5108256237659907
150,0.008849557522123894,0.5621189181535413
151,0.05309734513274336,1.9661128563728327
152,0.0,9.992007221626415e-16
153,0.0,0.040821994520255166
154,0.0,0.05129329438755058
155,0.0,0.7765287894989963
156,0.00145985401459854,0.13926206733350766
157,0.004424778761061947,1.3470736479666092
158,0.0,0.08338160893905101
159,0.0,9.992007221626415e-16
160,0.0,0.08338160893905101
161,0.0,0.31471074483970024
162,0.0,0.2613647641344075
163,0.0,0.07257069283483537
164,0.0,9.992007221626415e-16
165,0.0,0.10536051565782628
166,0.0,0.06187540371808753
167,0.00145985401459854,0.01005033585350145
168,0.0,0.01005033585350145
169,0.01327433628318584,1.4271163556401458
170,0.0,0.1743533871447778
171,0.0,0.020202707317519466
172,0.0,0.6931471805599453
173,0.017699115044247787,1.4696759700589417
174,0.0,0.21072103131565253
175,0.00291970802919708,0.342490308946776
176,0.0,0.030459207484708574
177,0.0,0.11653381625595151
178,0.004379562043795621,0.7985076962177716
179,0.00145985401459854,0.843970070294529
180,0.0,9.992007221626415e-16
181,0.0,0.1743533871447778
182,0.00145985401459854,0.4307829160924542
183,0.008849557522123894,0.6931471805599453
184,0.0,0.07257069283483537
185,0.0,9.992007221626415e-16
186,0.0,0.12783337150988489
187,0.0,0.16251892949777494
188,0.0,0.030459207484708574
189,0.00145985401459854,0.2484613592984996
190,0.0,0.19845093872383832
191,0.00145985401459854,0.2484613592984996
192,0.0,0.08338160893905101
193,0.0,0.11653381625595151
194,0.0,0.020202707317519466
195,0.004424778761061947,1.2378743560016174
196,0.0,0.08338160893905101
197,0.0,0.6931471805599453
198,0.004424778761061947,0.6733445532637656
199,0.0,0.030459207484708574
200,0.0,0.020202707317519466
201,0.00145985401459854,0.030459207484708574
202,0.0,0.020202707317519466
203,0.0,0.11653381625595151
204,0.004379562043795621,0.4780358009429998
205,0.0,0.01005033585350145
206,0.0,0.2484613592984996
207,0.01327433628318584,0.40047756659712525
208,0.0,0.06187540371808753
209,0.0,0.19845093872383832
210,0.00145985401459854,0.16251892949777494
211,0.0,0.11653381625595151
212,0.0,0.08338160893905101
213,0.004424778761061947,0.6931471805599453
214,0.008759124087591242,1.5606477482646683
215,0.008849557522123894,0.3011050927839216
216,0.02654867256637168,1.2378743560016174
217,0.0,0.5621189181535413
218,0.00291970802919708,1.5141277326297755
219,0.0,0.12783337150988489
220,0.022123893805309734,1.0216512475319814
221,0.0,9.992007221626415e-16
222,0.0,0.020202707317519466
223,0.0,0.23572233352106983
224,0.008849557522123894,1.2378743560016174
225,0.0,0.020202707317519466
226,0.004379562043795621,0.8209805520698302
227,0.0,0.11653381625595151
228,0.0,0.1743533871447778
229,0.0,0.7550225842780328
230,0.0,0.4307829160924542
231,0.00145985401459854,0.05129329438755058
232,0.0,9.992007221626415e-16
233,0.0,0.030459207484708574
234,0.00145985401459854,0.5978370007556204
235,0.0,0.06187540371808753
236,0.030973451327433628,1.171182981502945
237,0.0,0.7133498878774648
238,0.0,0.06187540371808753
239,0.0,0.06187540371808753
240,0.0,0.3011050927839216
241,0.0,0.16251892949777494
242,0.0,0.4942963218147801
243,0.0,0.030459207484708574
244,0.0,0.527632742082372
245,0.0,0.2484613592984996
246,0.00145985401459854,0.020202707317519466
247,0.0,0.10536051565782628
248,0.004424778761061947,0.9675840262617056
249,0.0,0.21072103131565253
250,0.00145985401459854,0.2613647641344075
251,0.017699115044247787,1.4696759700589417
252,0.00583941605839416,1.1394342831883648
253,0.013138686131386862,1.3470736479666092
254,0.030973451327433628,1.9661128563728327
255,0.07079646017699115,2.995732273553991
256,0.0,0.09431067947124129
257,0.0,0.35667494393873245
258,0.00145985401459854,1.3093333199837622
259,0.0,0.07257069283483537
260,0.0,0.08338160893905101
261,0.004424778761061947,2.995732273553991
262,0.0,9.992007221626415e-16
263,0.00145985401459854,0.4155154439616658
264,0.008849557522123894,1.8971199848858813
265,0.022123893805309734,1.6607312068216509
266,0.0,0.16251892949777494
267,0.0,0.11653381625595151
268,0.0,0.040821994520255166
269,0.00291970802919708,1.1394342831883648
270,0.0,0.10536051565782628
271,0.0,0.8675005677047231
272,0.00145985401459854,0.6931471805599453
273,0.004424778761061947,0.616186139423817
274,0.0,0.020202707317519466
275,0.0,0.040821994520255166
276,0.0,0.01005033585350145
277,0.0,0.040821994520255166
278,0.0,9.992007221626415e-16
279,0.0,0.06187540371808753
280,0.017699115044247787,2.4079456086518722
281,0.0,9.992007221626415e-16
282,0.0,0.18632957819149348
283,0.0,0.3856624808119846
284,0.0,0.2876820724517809
285,0.0,0.01005033585350145
286,0.0,0.020202707317519466
287,0.00145985401459854,0.10536051565782628
288,0.022123893805309734,2.3025850929940455
289,0.0,0.23572233352106983
290,0.0,0.040821994520255166
291,0.0,0.08338160893905101
292,0.0,0.1743533871447778
293,0.008849557522123894,1.3470736479666092
294,0.0,9.992007221626415e-16
295,0.00145985401459854,0.3011050927839216
296,0.0,0.020202707317519466
297,0.00145985401459854,0.342490308946776
298,0.0,9.992007221626415e-16
299,0.0,0.030459207484708574
300,0.0,9.992007221626415e-16
301,0.0,0.01005033585350145
302,0.0,0.030459207484708574
303,0.0,0.2876820724517809
304,0.0,0.15082288973458366
305,0.0,0.07257069283483537
306,0.01327433628318584,1.4696759700589417
307,0.0,1.3093333199837622
308,0.0,0.23572233352106983
309,0.0,0.020202707317519466
310,0.004379562043795621,1.0216512475319814
311,0.00583941605839416,1.0216512475319814
312,0.0,0.030459207484708574
313,0.008849557522123894,1.6607312068216509
314,0.0,0.06187540371808753
315,0.00145985401459854,0.09431067947124129
316,0.0,0.9675840262617056
317,0.0,9.992007221626415e-16
318,0.004424778761061947,0.5978370007556204
319,0.00145985401459854,0.4620354595965587
320,0.0,0.6539264674066639
321,0.017699115044247787,1.0788096613719298
322,0.0,0.020202707317519466
323,0.00291970802919708,0.2613647641344075
324,0.0,0.06187540371808753
325,0.0,0.06187540371808753
326,0.0,0.2876820724517809
327,0.008849557522123894,0.527632742082372
328,0.03982300884955752,2.2072749131897207
329,0.0,0.3285040669720361
330,0.0,0.01005033585350145
331,0.0,9.992007221626415e-16
332,0.0,0.01005033585350145
333,0.02654867256637168,1.5141277326297755
334,0.0,0.21072103131565253
335,0.0,0.2484613592984996
336,0.0,0.040821994520255166
337,0.0,0.10536051565782628
338,0.00145985401459854,0.579818495252942
339,0.0,0.01005033585350145
340,0.0,0.05129329438755058
341,0.0,0.06187540371808753
342,0.0,1.3093333199837622
343,0.0,0.020202707317519466
344,0.0,0.01005033585350145
345,0.0,0.16251892949777494
346,0.022123893805309734,1.4271163556401458
347,0.0,0.11653381625595151
348,0.0,0.4155154439616658
349,0.0,0.040821994520255166
350,0.061946902654867256,2.8134107167600364
351,0.0,0.10536051565782628
352,0.0,0.030459207484708574
353,0.0,0.10536051565782628
354,0.0,0.08338160893905101
355,0.0,0.06187540371808753
356,0.0,0.07257069283483537
357,0.0,0.040821994520255166
358,0.0,0.05129329438755058
359,0.00145985401459854,0.16251892949777494
360,0.0,0.040821994520255166
361,0.0,0.040821994520255166
362,0.004424778761061947,0.5447271754416722
363,0.0,0.35667494393873245
364,0.00291970802919708,0.6733445532637656
365,0.008759124087591242,0.6539264674066639
366,0.0,0.09431067947124129
367,0.0,9.992007221626415e-16
368,0.41150442477876104,3.2188758248682006
369,0.022123893805309734,3.506557897319982
370,0.0,0.08338160893905101
371,0.00145985401459854,0.16251892949777494
372,0.0,9.992007221626415e-16
373,0.0,0.5447271754416722
374,0.01327433628318584,0.579818495252942
375,0.0,0.10536051565782628
376,0.0,0.01005033585350145
377,0.0,0.2876820724517809
378,0.0,0.5447271754416722
379,0.0,0.2484613592984996
380,0.0,9.992007221626415e-16
381,0.0,0.020202707317519466
382,0.0,0.12783337150988489
383,0.0,0.01005033585350145
384,0.0,0.7133498878774648
385,0.0,0.05129329438755058
386,0.0,9.992007221626415e-16
387,0.0,0.18632957819149348
388,0.0,9.992007221626415e-16
389,0.0,0.01005033585350145
390,0.00291970802919708,0.12783337150988489
391,0.0,0.01005033585350145
392,0.0,0.07257069283483537
393,0.00291970802919708,1.0216512475319814
394,0.01327433628318584,0.916290731874155
395,0.00145985401459854,0.2744368457017603
396,0.0,0.4942963218147801
397,0.0,0.11653381625595151
398,0.0,0.16251892949777494
399,0.0,0.2484613592984996
400,0.0,0.18632957819149348
401,0.004424778761061947,0.4620354595965587
402,0.0,1.171182981502945
403,0.0,0.020202707317519466
404,0.0,0.020202707317519466
405,0.0,0.09431067947124129
406,0.0,0.4620354595965587
407,0.0,0.01005033585350145
408,0.0,0.2876820724517809
409,0.004424778761061947,1.3470736479666092
410,0.035398230088495575,3.912023005428146
411,0.00145985401459854,0.01005033585350145
412,0.0,0.08338160893905101
413,0.0,0.020202707317519466
414,0.0,1.0788096613719298
415,0.0,9.992007221626415e-16
416,0.0,0.4780358009429998
417,0.0,0.15082288973458366
418,0.0,0.21072103131565253
419,0.008849557522123894,1.2378743560016174
420,0.0,0.4620354595965587
421,0.0,0.030459207484708574
422,0.0,0.15082288973458366
423,0.022123893805309734,1.7719568419318752
424,0.0,1.0788096613719298
425,0.0,0.15082288973458366
426,0.0,0.020202707317519466
427,0.0,0.020202707317519466
428,0.030973451327433628,1.8325814637483102
429,0.00145985401459854,0.18632957819149348
430,0.0,0.15082288973458366
431,0.0,0.08338160893905101
432,0.00145985401459854,0.3856624808119846
433,0.0,0.020202707317519466
434,0.0,0.4620354595965587
435,0.0,0.35667494393873245
436,0.0,0.4620354595965587
437,0.00145985401459854,1.0498221244986778
438,0.0,1.1086626245216111
439,0.0,0.040821994520255166
440,0.00145985401459854,9.992007221626415e-16
441,0.0,0.01005033585350145
442,0.0,0.05129329438755058
443,0.030973451327433628,0.9942522733438669
444,0.0,0.527632742082372
445,0.0,0.030459207484708574
446,0.0,0.020202707317519466
447,0.0,0.35667494393873245
448,0.0,0.030459207484708574
449,0.008849557522123894,0.2876820724517809
450,0.0,0.01005033585350145
451,0.004424778761061947,2.995732273553991
452,0.0,0.040821994520255166
453,0.017699115044247787,1.0216512475319814
454,0.0,0.030459207484708574
455,0.004424778761061947,0.843970070294529
456,0.00291970802919708,1.3470736479666092
457,0.0,0.3285040669720361
458,0.00583941605839416,0.37106368139083207
459,0.0,0.1743533871447778
460,0.0,9.992007221626415e-16
461,0.00145985401459854,0.13926206733350766
462,0.022123893805309734,0.7765287894989963
463,0.0,0.11653381625595151
464,0.0,0.3856624808119846
465,0.0,0.030459207484708574
466,0.01327433628318584,1.6607312068216509
467,0.0,0.2613647641344075
468,0.0,0.01005033585350145
469,0.0752212389380531,1.5606477482646683
470,0.0,0.07257069283483537
471,0.0,0.020202707317519466
472,0.0,0.13926206733350766
473,0.0,0.01005033585350145
474,0.00291970802919708,0.40047756659712525
475,0.0,0.020202707317519466
476,0.0,9.992007221626415e-16
477,0.0,0.16251892949777494
478,0.00145985401459854,0.030459207484708574
479,0.0,0.020202707317519466
480,0.01327433628318584,1.4271163556401458
481,0.0,0.08338160893905101
482,0.0,0.06187540371808753
483,0.0,0.6539264674066639
484,0.0,9.992007221626415e-16
485,0.0,0.01005033585350145
486,0.0,0.040821994520255166
487,0.004424778761061947,0.4942963218147801
488,0.0,0.2876820724517809
489,0.00145985401459854,0.08338160893905101
490,0.0,0.040821994520255166
491,0.0,0.2744368457017603
492,0.0,0.2613647641344075
493,0.0,0.8915981192837836
494,0.0,0.05129329438755058
495,0.008849557522123894,1.3470736479666092
496,0.0,9.992007221626415e-16
497,0.0,0.4155154439616658
498,0.0,0.01005033585350145
499,0.008849557522123894,1.6607312068216509
500,0.0,0.23572233352106983
501,0.00145985401459854,0.5621189181535413
502,0.0,0.040821994520255166
503,0.0,0.4462871026284195
504,0.0,0.19845093872383832
505,0.0,0.40047756659712525
506,0.0,0.616186139423817
507,0.0,0.09431067947124129
508,0.0,0.5621189181535413
509,0.0,0.030459207484708574
510,0.0,0.13926206733350766
511,0.0,9.992007221626415e-16
512,0.0,0.040821994520255166
513,0.0,9.992007221626415e-16
514,0.0,0.11653381625595151
515,0.0,9.992007221626415e-16
516,0.0,9.992007221626415e-16
517,0.0,9.992007221626415e-16
518,0.01327433628318584,1.8325814637483102
519,0.00145985401459854,0.2484613592984996
520,0.0,0.01005033585350145
521,0.0,0.18632957819149348
522,0.0,0.05129329438755058
523,0.0,9.992007221626415e-16
524,0.00145985401459854,0.7339691750802004
525,0.0,0.020202707317519466
526,0.0,0.10536051565782628
527,0.0,0.843970070294529
528,0.0,0.01005033585350145
529,0.004424778761061947,0.7985076962177716
530,0.0,0.5108256237659907
531,0.0,0.12783337150988489
532,0.035398230088495575,2.2072749131897207
533,0.0,0.01005033585350145
534,0.0,9.992007221626415e-16
535,0.00291970802919708,0.5108256237659907
536,0.00145985401459854,0.40047756659712525
537,0.0,0.37106368139083207
538,0.00145985401459854,0.37106368139083207
539,0.0,0.2231435513142097
540,0.00145985401459854,0.8209805520698302
541,0.00145985401459854,0.2484613592984996
542,0.00145985401459854,0.527632742082372
543,0.0,9.992007221626415e-16
544,0.035398230088495575,1.5606477482646683
545,0.00145985401459854,0.16251892949777494
546,0.0,0.2231435513142097
547,0.0,0.040821994520255166
548,0.0,0.01005033585350145
549,0.0,0.08338160893905101
550,0.0,0.4942963218147801
551,0.0,0.6348782724359695
552,0.008849557522123894,1.0216512475319814
553,0.0,0.07257069283483537
554,0.0,0.08338160893905101
555,0.00145985401459854,0.916290731874155
556,0.00145985401459854,0.08338160893905101
557,0.04424778761061947,2.120263536200091
558,0.0,0.13926206733350766
559,0.0,0.05129329438755058
560,0.00291970802919708,0.2613647641344075
561,0.0,0.8675005677047231
562,0.00145985401459854,0.15082288973458366
563,0.00145985401459854,0.616186139423817
564,0.0,0.11653381625595151
565,0.00145985401459854,0.09431067947124129
566,0.00145985401459854,0.040821994520255166
567,0.0,0.040821994520255166
568,0.0,0.07257069283483537
569,0.0,0.21072103131565253
570,0.0,0.08338160893905101
571,0.00145985401459854,1.2378743560016174
572,0.0,0.4155154439616658
573,0.0,0.05129329438755058
574,0.00145985401459854,0.2484613592984996
575,0.0,0.6931471805599453
576,0.0,0.01005033585350145
577,0.0,0.19845093872383832
578,0.0,0.15082288973458366
579,0.0,0.16251892949777494
580,0.0,0.020202707317519466
581,0.0,0.37106368139083207
582,0.0,0.10536051565782628
583,0.0,9.992007221626415e-16
584,0.0,0.11653381625595151
585,0.0,0.040821994520255166
586,0.0,0.1743533871447778
587,0.0,0.020202707317519466
588,0.0,0.01005033585350145
589,0.01327433628318584,2.2072749131897207
590,0.0,9.992007221626415e-16
591,0.0,0.030459207484708574
592,0.0,0.3011050927839216
593,0.0,1.6094379124341003
594,0.0,0.01005033585350145
595,0.0,0.01005033585350145
596,0.0,0.19845093872383832
597,0.0,0.18632957819149348
598,0.017699115044247787,0.9675840262617056
599,0.0,0.01005033585350145
600,0.0,9.992007221626415e-16
601,0.0,0.020202707317519466
602,0.0,0.31471074483970024
603,0.0,0.12783337150988489
604,0.0,1.0216512475319814
605,0.03982300884955752,3.912023005428146
606,0.0,0.06187540371808753
607,0.0,0.07257069283483537
608,0.0,0.4620354595965587
609,0.0,0.01005033585350145
610,0.0,0.15082288973458366
611,0.0,0.579818495252942
612,0.00291970802919708,0.6539264674066639
613,0.03982300884955752,1.5606477482646683
614,0.008849557522123894,0.4155154439616658
615,0.0,0.37106368139083207
616,0.0,0.7765287894989963
617,0.0,0.3011050927839216
618,0.0,0.10536051565782628
619,0.0,0.020202707317519466
620,0.0,0.05129329438755058
621,0.0,0.07257069283483537
622,0.0,0.05129329438755058
623,0.008849557522123894,0.6539264674066639
624,0.0,9.992007221626415e-16
625,0.00145985401459854,0.4942963218147801
626,0.0,0.4307829160924542
627,0.004424778761061947,1.1394342831883648
628,0.0,0.19845093872383832
629,0.0,0.2613647641344075
630,0.0,0.09431067947124129
631,0.0,0.16251892949777494
632,0.00291970802919708,0.10536051565782628
633,0.0,0.020202707317519466
634,0.0,0.2876820724517809
635,0.0,0.18632957819149348
636,0.00145985401459854,0.19845093872383832
637,0.0,0.12783337150988489
638,0.0,0.040821994520255166
639,0.0,0.09431067947124129
640,0.0,0.09431067947124129
641,0.0,0.21072103131565253
642,0.008849557522123894,0.5108256237659907
643,0.0,0.01005033585350145
644,0.0,0.040821994520255166
645,0.0,0.05129329438755058
646,0.017699115044247787,1.6094379124341003
647,0.00145985401459854,0.19845093872383832
648,0.0,1.7147984280919266
649,0.0,0.35667494393873245
650,0.0,0.527632742082372
651,0.10619469026548672,3.912023005428146
652,0.0,0.07257069283483537
653,0.0,0.5978370007556204
654,0.0,0.01005033585350145
655,0.004424778761061947,0.6733445532637656
656,0.0,9.992007221626415e-16
657,0.0,0.08338160893905101
658,0.00145985401459854,0.1743533871447778
659,0.0,0.030459207484708574
660,0.0,0.7985076962177716
661,0.0,0.10536051565782628
662,0.0,0.020202707317519466
663,0.0,0.5108256237659907
664,0.004424778761061947,0.916290731874155
665,0.0,0.09431067947124129
666,0.0,0.05129329438755058
667,0.0,0.030459207484708574
668,0.008849557522123894,1.9661128563728327
669,0.0,9.992007221626415e-16
670,0.0,0.05129329438755058
671,0.0,0.2484613592984996
672,0.0,0.4942963218147801
673,0.0,9.992007221626415e-16
674,0.022123893805309734,1.8971199848858813
675,0.00145985401459854,0.2876820724517809
676,0.008849557522123894,1.0498221244986778
677,0.0,0.4620354595965587
678,0.0,0.3011050927839216
679,0.0,0.12783337150988489
680,0.0,0.05129329438755058
681,0.0,0.13926206733350766
682,0.0,0.06187540371808753
683,0.0,9.992007221626415e-16
684,0.00145985401459854,0.6539264674066639
685,0.0,0.040821994520255166
686,0.0,0.18632957819149348
687,0.0,0.01005033585350145
688,0.004424778761061947,0.2876820724517809
689,0.0,0.01005033585350145
690,0.0,0.18632957819149348
691,0.0,9.992007221626415e-16
692,0.26991150442477874,3.2188758248682006
693,0.004424778761061947,0.3856624808119846
694,0.0,0.23572233352106983
695,0.017699115044247787,2.120263536200091
696,0.0,0.6931471805599453
697,0.0,0.16251892949777494
698,0.0,0.11653381625595151
699,0.0,0.6931471805599453
700,0.0,0.030459207484708574
701,0.0,0.15082288973458366
702,0.0,0.2744368457017603
703,0.0,9.992007221626415e-16
704,0.008759124087591242,1.2039728043259361
705,0.0,0.342490308946776
706,0.00291970802919708,0.06187540371808753
707,0.0,0.09431067947124129
708,0.0,0.12783337150988489
709,0.0,0.07257069283483537
710,0.0,0.05129329438755058
711,0.017699115044247787,2.4079456086518722
712,0.0,0.06187540371808753
713,0.00145985401459854,9.992007221626415e-16
714,0.0,0.07257069283483537
715,0.0,0.040821994520255166
716,0.00145985401459854,0.06187540371808753
717,0.0,0.01005033585350145
718,0.0,0.09431067947124129
719,0.0,0.4307829160924542
720,0.0,0.4942963218147801
721,0.00145985401459854,0.01005033585350145
722,0.00145985401459854,0.19845093872383832
723,0.0,1.7719568419318752
724,0.0,1.5606477482646683
725,0.0,9.992007221626415e-16
726,0.0,0.020202707317519466
727,0.0,0.2231435513142097
728,0.0,0.07257069283483537
729,0.0,0.040821994520255166
730,0.0,0.01005033585350145
731,0.0,0.2744368457017603
732,0.0,0.01005033585350145
733,0.00291970802919708,1.171182981502945
734,0.0,0.05129329438755058
735,0.004424778761061947,0.4942963218147801
736,0.0,0.1743533871447778
737,0.004424778761061947,1.6607312068216509
738,0.0,0.09431067947124129
739,0.0,0.12783337150988489
740,0.0,0.527632742082372
741,0.0,9.992007221626415e-16
742,0.00145985401459854,0.15082288973458366
743,0.0,9.992007221626415e-16
744,0.0,0.19845093872383832
745,0.00145985401459854,0.579818495252942
746,0.004424778761061947,0.2231435513142097
747,0.0,0.31471074483970024
748,0.00145985401459854,0.6539264674066639
749,0.0,9.992007221626415e-16
750,0.00145985401459854,0.2744368457017603
751,0.0,0.09431067947124129
752,0.0,9.992007221626415e-16
753,0.0,9.992007221626415e-16
754,0.030973451327433628,2.3025850929940455
755,0.0,0.4780358009429998
756,0.0,0.19845093872383832
757,0.0,0.10536051565782628
758,0.0,0.5108256237659907
759,0.0,0.7985076962177716
760,0.0,0.13926206733350766
761,0.0,0.01005033585350145
762,0.0,0.020202707317519466
763,0.0,0.18632957819149348
764,0.0,0.16251892949777494
765,0.004424778761061947,1.5606477482646683
766,0.00291970802919708,0.8915981192837836
767,0.03982300884955752,1.9661128563728327
768,0.0,0.040821994520255166
769,0.0,0.030459207484708574
770,0.00145985401459854,0.2484613592984996
771,0.004424778761061947,0.37106368139083207
772,0.0,0.18632957819149348
773,0.0,0.10536051565782628
774,0.00145985401459854,0.2484613592984996
775,0.0,0.020202707317519466
776,0.00145985401459854,0.616186139423817
777,0.0,0.08338160893905101
778,0.0,0.05129329438755058
779,0.0,0.05129329438755058
780,0.0,0.01005033585350145
781,0.00145985401459854,0.08338160893905101
782,0.0,0.09431067947124129
783,0.0,0.1743533871447778
784,0.0,0.23572233352106983
785,0.0,0.3011050927839216
786,0.0,0.19845093872383832
787,0.0,0.21072103131565253
788,0.0,1.1086626245216111
789,0.0,9.992007221626415e-16
790,0.0,0.01005033585350145
791,0.0,0.030459207484708574
792,0.0,0.6348782724359695
793,0.0,9.992007221626415e-16
794,0.0,9.992007221626415e-16
795,0.0,1.6607312068216509
796,0.00145985401459854,0.08338160893905101
797,0.0,0.06187540371808753
798,0.004424778761061947,0.7985076962177716
799,0.004424778761061947,0.4155154439616658
800,0.0,1.0216512475319814
801,0.0,0.07257069283483537
802,0.0,0.13926206733350766
803,0.0,9.992007221626415e-16
804,0.008849557522123894,0.2613647641344075
805,0.0,9.992007221626415e-16
806,0.0,0.06187540371808753
807,0.004424778761061947,0.5978370007556204
808,0.017699115044247787,1.7719568419318752
809,0.00291970802919708,0.8675005677047231
810,0.0,0.06187540371808753
811,0.0,0.030459207484708574
812,0.0,0.2744368457017603
813,0.0,9.992007221626415e-16
814,0.0,9.992007221626415e-16
815,0.017699115044247787,0.7765287894989963
816,0.00145985401459854,0.7765287894989963
817,0.022123893805309734,2.995732273553991
818,0.11946902654867257,2.5257286443082556
819,0.00583941605839416,0.8675005677047231
820,0.004424778761061947,0.4942963218147801
821,0.0,0.6348782724359695
822,0.0,0.11653381625595151
823,0.00583941605839416,0.7985076962177716
824,0.008849557522123894,1.2729656758128873
825,0.0,9.992007221626415e-16
826,0.0,0.09431067947124129
827,0.0,0.020202707317519466
828,0.00145985401459854,0.040821994520255166
829,0.0,0.18632957819149348
830,0.0,0.13926206733350766
831,0.00145985401459854,0.23572233352106983
832,0.00145985401459854,0.941608539858445
833,0.0,0.35667494393873245
834,0.0,9.992007221626415e-16
835,0.0,0.2876820724517809
836,0.004379562043795621,1.0216512475319814
837,0.11504424778761062,1.2729656758128873
838,0.0,9.992007221626415e-16
839,0.0,9.992007221626415e-16
840,0.0,0.342490308946776
841,0.0,0.342490308946776
842,0.0,0.09431067947124129
843,0.0,0.18632957819149348
844,0.00145985401459854,0.579818495252942
845,0.0,0.1743533871447778
846,0.004379562043795621,1.5606477482646683
847,0.00145985401459854,0.3285040669720361
848,0.0,0.030459207484708574
849,0.0,0.01005033585350145
850,0.0,0.18632957819149348
851,0.0,0.4942963218147801
852,0.00145985401459854,0.4780358009429998
853,0.0,9.992007221626415e-16
854,0.004379562043795621,1.2729656758128873
855,0.004424778761061947,1.2039728043259361
856,0.0,0.01005033585350145
857,0.0,0.09431067947124129
858,0.0,0.040821994520255166
859,0.0,0.01005033585350145
860,0.0,0.07257069283483537
861,0.0,0.2876820724517809
862,0.00583941605839416,1.3093333199837622
863,0.0,0.020202707317519466
864,0.0,9.992007221626415e-16
865,0.0,0.11653381625595151
866,0.0,9.992007221626415e-16
867,0.0,0.31471074483970024
868,0.0,0.01005033585350145
869,0.0,0.31471074483970024
870,0.0072992700729927005,0.5621189181535413
871,0.0,0.31471074483970024
872,0.0,0.1743533871447778
873,0.004424778761061947,0.4780358009429998
874,0.01327433628318584,1.1086626245216111
875,0.0,0.3285040669720361
876,0.017699115044247787,0.916290731874155
877,0.0,0.020202707317519466
878,0.00145985401459854,0.06187540371808753
879,0.0,0.2231435513142097
880,0.0,0.10536051565782628
881,0.0,0.06187540371808753
882,0.0,0.15082288973458366
883,0.0,0.05129329438755058
884,0.0,9.992007221626415e-16
885,0.0,0.18632957819149348
886,0.00583941605839416,1.6607312068216509
887,0.0,0.7985076962177716
888,0.0,0.2876820724517809
889,0.0,0.01005033585350145
890,0.022123893805309734,1.2729656758128873
891,0.0,0.40047756659712525
892,0.0,9.992007221626415e-16
893,0.00145985401459854,0.12783337150988489
894,0.0,0.916290731874155
895,0.00145985401459854,0.18632957819149348
896,0.0,0.040821994520255166
897,0.0,0.4620354595965587
898,0.0,0.10536051565782628
899,0.008849557522123894,0.13926206733350766
900,0.0,0.07257069283483537
901,0.0,0.01005033585350145
902,0.0,0.843970070294529
903,0.0,0.040821994520255166
904,0.0,0.01005033585350145
905,0.0,9.992007221626415e-16
906,0.0,9.992007221626415e-16
907,0.0,9.992007221626415e-16
908,0.0,0.040821994520255166
909,0.008849557522123894,1.5141277326297755
910,0.00145985401459854,0.5978370007556204
911,0.0,0.4942963218147801
